alumni_id,full_name,email,role,cohort,department,degree,graduation_year,current_company,current_title,employment_history,skills,mentorship_interest
ALM00001,Joshua Kapoor,bajajchanchal@example.com,alumni,2019–2023,Data Science & Business Analytics,B.Tech Data Science & Business Analytics,2023,Amazon India,Business Analyst,"[{""company"": ""Google India"", ""title"": ""Technical Lead"", ""years"": ""3""}, {""company"": ""CRED"", ""title"": ""VP Engineering"", ""years"": ""4""}, {""company"": ""Amazon India"", ""title"": ""Business Analyst"", ""years"": ""5 (current)""}]",Kubernetes|TensorFlow|MongoDB|PyTorch|Azure,yes
ALM00002,Ladli Karpe,trivenipal@example.org,alumni,2011–2015,Data Science & Business Analytics,B.Tech Data Science & Business Analytics,2015,Google India,Senior Consultant,"[{""company"": ""Sigmoid"", ""title"": ""ML Engineer"", ""years"": ""4""}, {""company"": ""Google India"", ""title"": ""Senior Consultant"", ""years"": ""3 (current)""}]",scikit-learn|Product Management|VLSI Design|FastAPI,maybe
ALM00003,Ranbir Chowdhury,sainiamol@example.org,alumni,2011–2015,Information Technology,B.Tech Information Technology,2015,PhonePe,Product Manager,"[{""company"": ""Postman"", ""title"": ""Technical Lead"", ""years"": ""1""}, {""company"": ""HashedIn"", ""title"": ""Co-Founder & CEO"", ""years"": ""4""}, {""company"": ""Meesho"", ""title"": ""Senior Consultant"", ""years"": ""4""}, {""company"": ""PhonePe"", ""title"": ""Product Manager"", ""years"": ""5 (current)""}]",Azure|Business Analysis|Blockchain|iOS Development,maybe
ALM00004,Ekalinga Chaudhuri,sekhonchanakya@example.org,alumni,2009–2013,Electronics & Communication Engineering,B.E. Electronics & Communication Engineering,2013,Freshworks,Engineering Manager,"[{""company"": ""Wipro"", ""title"": ""Co-Founder & CTO"", ""years"": ""4""}, {""company"": ""Freshworks"", ""title"": ""Engineering Manager"", ""years"": ""3 (current)""}]",Node.js|Python|Research & Development|PostgreSQL|Data Analysis|CAD/CAM|IoT,maybe
ALM00005,Neelima Sarna,teerthbhalla@example.org,alumni,2019–2023,Data Science & Business Analytics,B.Tech Data Science & Business Analytics,2023,Zoho Corporation,Research Scientist,"[{""company"": ""Meesho"", ""title"": ""Research Scientist"", ""years"": ""2""}, {""company"": ""Paytm"", ""title"": ""Software Engineer"", ""years"": ""4""}, {""company"": ""Zoho Corporation"", ""title"": ""Research Scientist"", ""years"": ""1 (current)""}]",scikit-learn|React|Django|Market Research|Flask|GCP,no
ALM00006,Vivaan Nagar,warjas42@example.net,alumni,2015–2019,Electrical Engineering,B.E. Electrical Engineering,2019,Flipkart,Consultant,"[{""company"": ""Paytm"", ""title"": ""Business Analyst"", ""years"": ""1""}, {""company"": ""HashedIn"", ""title"": ""Research Scientist"", ""years"": ""3""}, {""company"": ""Flipkart"", ""title"": ""Consultant"", ""years"": ""1 (current)""}]",C++|Financial Modelling|Django|Java|AWS|Figma,yes
ALM00007,Odika Mital,darsh89@example.net,alumni,2019–2023,Mechanical Engineering,B.E. Mechanical Engineering,2023,Freshworks,Consultant,"[{""company"": ""Microsoft India"", ""title"": ""Backend Developer"", ""years"": ""4""}, {""company"": ""Freshworks"", ""title"": ""Consultant"", ""years"": ""4 (current)""}]",PyTorch|UI/UX Design|Deep Learning|Agile|Pandas,no
ALM00008,Prisha Tandon,padmanabhanlakshmi@example.net,alumni,2019–2023,Computer Science & Engineering,B.E. Computer Science & Engineering,2023,Amazon India,Research Scientist,"[{""company"": ""Postman"", ""title"": ""Technical Lead"", ""years"": ""1""}, {""company"": ""Flipkart"", ""title"": ""ML Engineer"", ""years"": ""3""}, {""company"": ""Tech Mahindra"", ""title"": ""Co-Founder & CTO"", ""years"": ""1""}, {""company"": ""Amazon India"", ""title"": ""Research Scientist"", ""years"": ""5 (current)""}]",Azure|Kubernetes|Natural Language Processing|OpenCV|Django,no
ALM00009,Omaja Rege,charitapuri@example.org,alumni,2016–2020,Chemical Engineering,B.E. Chemical Engineering,2020,Zomato,Co-Founder & CEO,"[{""company"": ""Meesho"", ""title"": ""Co-Founder & CTO"", ""years"": ""1""}, {""company"": ""Paytm"", ""title"": ""Engineering Manager"", ""years"": ""4""}, {""company"": ""Zomato"", ""title"": ""Co-Founder & CEO"", ""years"": ""5 (current)""}]",Product Management|Financial Modelling|Docker|Flutter|Android Development,yes
ALM00010,Wridesh Kar,maanas70@example.net,alumni,2013–2017,Mechanical Engineering,B.E. Mechanical Engineering,2017,IBM India,DevOps Engineer,"[{""company"": ""IBM India"", ""title"": ""Associate Product Manager"", ""years"": ""3""}, {""company"": ""SAP Labs India"", ""title"": ""Consultant"", ""years"": ""4""}, {""company"": ""IBM India"", ""title"": ""DevOps Engineer"", ""years"": ""4 (current)""}]",FastAPI|Networking|TensorFlow|Pandas|Deep Learning|VLSI Design|UI/UX Design|Blockchain,maybe
ALM00011,Omaja Wagle,lipikakibe@example.com,alumni,2016–2020,Mechanical Engineering,B.E. Mechanical Engineering,2020,Microsoft India,Business Analyst,"[{""company"": ""Oracle India"", ""title"": ""Associate Product Manager"", ""years"": ""3""}, {""company"": ""HashedIn"", ""title"": ""Co-Founder & CEO"", ""years"": ""1""}, {""company"": ""Microsoft India"", ""title"": ""Business Analyst"", ""years"": ""3 (current)""}]",VLSI Design|FastAPI|Natural Language Processing|TensorFlow,maybe
ALM00012,Ganga Brar,fprabhakar@example.net,alumni,2018–2022,Artificial Intelligence & Machine Learning,B.E. Computer Science & Engineering (AI/ML),2022,Mphasis,Solutions Architect,"[{""company"": ""Mphasis"", ""title"": ""Solutions Architect"", ""years"": ""4""}, {""company"": ""Mphasis"", ""title"": ""Associate Product Manager"", ""years"": ""1""}, {""company"": ""TCS"", ""title"": ""DevOps Engineer"", ""years"": ""3""}, {""company"": ""Mphasis"", ""title"": ""Solutions Architect"", ""years"": ""1 (current)""}]",Data Analysis|Blockchain|Redis|Machine Learning|OpenCV|Networking,maybe
ALM00013,Charan Loyal,ebaral@example.org,alumni,2016–2020,Chemical Engineering,B.E. Chemical Engineering,2020,LTIMindtree,Data Engineer,"[{""company"": ""IBM India"", ""title"": ""Full Stack Developer"", ""years"": ""3""}, {""company"": ""Wipro"", ""title"": ""Research Scientist"", ""years"": ""2""}, {""company"": ""Postman"", ""title"": ""Data Engineer"", ""years"": ""2""}, {""company"": ""LTIMindtree"", ""title"": ""Data Engineer"", ""years"": ""3 (current)""}]",NumPy|PostgreSQL|GCP|React,no
ALM00014,Varenya Joshi,chavvi03@example.org,alumni,2020–2024,Electronics & Communication Engineering,B.E. Electronics & Communication Engineering,2024,Freshworks,ML Engineer,"[{""company"": ""Paytm"", ""title"": ""Co-Founder & CEO"", ""years"": ""4""}, {""company"": ""Microsoft India"", ""title"": ""Co-Founder & CEO"", ""years"": ""2""}, {""company"": ""Flipkart"", ""title"": ""ML Engineer"", ""years"": ""1""}, {""company"": ""Freshworks"", ""title"": ""ML Engineer"", ""years"": ""5 (current)""}]",Blockchain|MongoDB|iOS Development|Research & Development|Machine Learning|Kubernetes,maybe
ALM00015,Varenya Kibe,mekhalakhatri@example.net,alumni,2012–2016,Information Technology,B.Tech Information Technology,2016,Razorpay,Consultant,"[{""company"": ""Accenture"", ""title"": ""Product Manager"", ""years"": ""4""}, {""company"": ""HCL Technologies"", ""title"": ""Full Stack Developer"", ""years"": ""2""}, {""company"": ""Oracle India"", ""title"": ""DevOps Engineer"", ""years"": ""2""}, {""company"": ""Razorpay"", ""title"": ""Consultant"", ""years"": ""3 (current)""}]",Technical Writing|Product Management|PyTorch|VLSI Design|Flask,maybe
ALM00016,Barkha Rai,pwalla@example.com,alumni,2018–2022,Information Technology,B.Tech Information Technology,2022,BrowserStack,Technical Lead,"[{""company"": ""Tech Mahindra"", ""title"": ""VP Engineering"", ""years"": ""1""}, {""company"": ""Meesho"", ""title"": ""Consultant"", ""years"": ""3""}, {""company"": ""BrowserStack"", ""title"": ""Technical Lead"", ""years"": ""3 (current)""}]",VLSI Design|Kubernetes|Android Development|Python|React|OpenCV|UI/UX Design,maybe
ALM00017,Advika Parsa,gshukla@example.net,alumni,2021–2025,Electrical Engineering,B.E. Electrical Engineering,2025,Tech Mahindra,Senior Consultant,"[{""company"": ""Flipkart"", ""title"": ""Solutions Architect"", ""years"": ""2""}, {""company"": ""Mphasis"", ""title"": ""Full Stack Developer"", ""years"": ""3""}, {""company"": ""Tech Mahindra"", ""title"": ""Senior Consultant"", ""years"": ""3 (current)""}]",Cybersecurity|Networking|FastAPI|Technical Writing|VLSI Design|AWS,maybe
ALM00018,Ekaja Jani,dhriti60@example.net,alumni,2008–2012,Computer Science & Engineering,B.E. Computer Science & Engineering,2012,Accenture,VP Engineering,"[{""company"": ""TCS"", ""title"": ""Data Engineer"", ""years"": ""2""}, {""company"": ""HashedIn"", ""title"": ""Research Scientist"", ""years"": ""1""}, {""company"": ""Accenture"", ""title"": ""VP Engineering"", ""years"": ""4 (current)""}]",Business Analysis|FastAPI|Figma|Docker|Machine Learning,no
ALM00019,Madhav Babu,omisha42@example.org,alumni,2018–2022,Electronics & Communication Engineering,B.E. Electronics & Communication Engineering,2022,BYJU'S,Full Stack Developer,"[{""company"": ""BYJU'S"", ""title"": ""VP Engineering"", ""years"": ""2""}, {""company"": ""BYJU'S"", ""title"": ""Full Stack Developer"", ""years"": ""1 (current)""}]",UI/UX Design|Docker|Market Research|Business Analysis|Data Analysis|Pandas|Figma,yes
ALM00020,Victor Raghavan,xalaknazareth@example.com,alumni,2008–2012,Electronics & Communication Engineering,B.E. Electronics & Communication Engineering,2012,Flipkart,Business Analyst,"[{""company"": ""Oracle India"", ""title"": ""Co-Founder & CTO"", ""years"": ""2""}, {""company"": ""Flipkart"", ""title"": ""Business Analyst"", ""years"": ""5 (current)""}]",Python|Research & Development|Business Analysis|AWS|Django|Pandas|FastAPI,no
ALM00021,Vritti Sharma,indiragara@example.org,alumni,2011–2015,Electronics & Communication Engineering,B.E. Electronics & Communication Engineering,2015,Unacademy,Data Scientist,"[{""company"": ""Accenture"", ""title"": ""Data Engineer"", ""years"": ""3""}, {""company"": ""BYJU'S"", ""title"": ""Frontend Developer"", ""years"": ""2""}, {""company"": ""Unacademy"", ""title"": ""Product Manager"", ""years"": ""2""}, {""company"": ""Unacademy"", ""title"": ""Data Scientist"", ""years"": ""1 (current)""}]",Networking|Python|Flutter|Figma|Machine Learning|NumPy|GCP|Computer Vision,maybe
ALM00022,Qarin Bhargava,bordechanakya@example.org,alumni,2014–2018,Mechanical Engineering,B.E. Mechanical Engineering,2018,HashedIn,ML Engineer,"[{""company"": ""Accenture"", ""title"": ""Product Manager"", ""years"": ""1""}, {""company"": ""HashedIn"", ""title"": ""ML Engineer"", ""years"": ""5 (current)""}]",GCP|Pandas|Kubernetes|FastAPI|SQL|MongoDB|Figma,yes
ALM00023,Laksh Kashyap,doraaditya@example.org,alumni,2016–2020,Civil Engineering,B.E. Civil Engineering,2020,CRED,Software Engineer,"[{""company"": ""Swiggy"", ""title"": ""ML Engineer"", ""years"": ""2""}, {""company"": ""Meesho"", ""title"": ""Frontend Developer"", ""years"": ""1""}, {""company"": ""Freshworks"", ""title"": ""Business Analyst"", ""years"": ""4""}, {""company"": ""CRED"", ""title"": ""Software Engineer"", ""years"": ""1 (current)""}]",VLSI Design|UI/UX Design|iOS Development|TypeScript|IoT,yes
ALM00024,Kashvi Bhasin,bsura@example.org,alumni,2013–2017,Electrical Engineering,B.E. Electrical Engineering,2017,Oracle India,Technical Lead,"[{""company"": ""BrowserStack"", ""title"": ""Engineering Manager"", ""years"": ""2""}, {""company"": ""ThoughtWorks"", ""title"": ""Data Scientist"", ""years"": ""1""}, {""company"": ""Tech Mahindra"", ""title"": ""Software Engineer"", ""years"": ""3""}, {""company"": ""Oracle India"", ""title"": ""Technical Lead"", ""years"": ""2 (current)""}]",JavaScript|PyTorch|CAD/CAM|Redis,maybe
ALM00025,Advik Badal,bhavini08@example.net,alumni,2020–2024,Artificial Intelligence & Machine Learning,B.E. Computer Science & Engineering (AI/ML),2024,BrowserStack,Solutions Architect,"[{""company"": ""Meesho"", ""title"": ""Data Scientist"", ""years"": ""2""}, {""company"": ""Razorpay"", ""title"": ""Data Scientist"", ""years"": ""3""}, {""company"": ""Cognizant"", ""title"": ""Consultant"", ""years"": ""2""}, {""company"": ""BrowserStack"", ""title"": ""Solutions Architect"", ""years"": ""2 (current)""}]",Kubernetes|PyTorch|Android Development|UI/UX Design|Figma|Product Management|Financial Modelling|TypeScript,no
ALM00026,Praneel Chhabra,viswanathanmanthan@example.org,alumni,2019–2023,Biotechnology,B.Tech Biotechnology,2023,Freshworks,Senior Software Engineer,"[{""company"": ""Cognizant"", ""title"": ""Solutions Architect"", ""years"": ""1""}, {""company"": ""Freshworks"", ""title"": ""Senior Software Engineer"", ""years"": ""4 (current)""}]",iOS Development|JavaScript|Docker|Agile|Market Research|Deep Learning|Django|Python,maybe
ALM00027,Zayyan Pandya,mekhala15@example.com,alumni,2019–2023,Mechanical Engineering,B.E. Mechanical Engineering,2023,Infosys,Associate Product Manager,"[{""company"": ""Paytm"", ""title"": ""Consultant"", ""years"": ""3""}, {""company"": ""Microsoft India"", ""title"": ""Engineering Manager"", ""years"": ""2""}, {""company"": ""Infosys"", ""title"": ""Associate Product Manager"", ""years"": ""3 (current)""}]",Research & Development|Java|AWS|Pandas,no
ALM00028,Yagnesh Kara,faris01@example.com,alumni,2009–2013,Artificial Intelligence & Machine Learning,B.E. Computer Science & Engineering (AI/ML),2013,PhonePe,Co-Founder & CTO,"[{""company"": ""Tech Mahindra"", ""title"": ""Business Analyst"", ""years"": ""4""}, {""company"": ""LTIMindtree"", ""title"": ""Engineering Manager"", ""years"": ""1""}, {""company"": ""Mphasis"", ""title"": ""Co-Founder & CTO"", ""years"": ""2""}, {""company"": ""PhonePe"", ""title"": ""Co-Founder & CTO"", ""years"": ""3 (current)""}]",PostgreSQL|Research & Development|Node.js|Networking|Product Management,maybe
ALM00029,Krishna Soni,andraonveer@example.org,alumni,2011–2015,Electronics & Communication Engineering,B.E. Electronics & Communication Engineering,2015,LTIMindtree,Software Engineer,"[{""company"": ""Infosys"", ""title"": ""DevOps Engineer"", ""years"": ""1""}, {""company"": ""LTIMindtree"", ""title"": ""Software Engineer"", ""years"": ""4 (current)""}]",TensorFlow|Flask|Deep Learning|C++|Cybersecurity|Figma,no
ALM00030,Radha Narula,wablebrijesh@example.org,alumni,2013–2017,Civil Engineering,B.E. Civil Engineering,2017,Freshworks,Solutions Architect,"[{""company"": ""Zomato"", ""title"": ""Full Stack Developer"", ""years"": ""1""}, {""company"": ""BYJU'S"", ""title"": ""Data Engineer"", ""years"": ""1""}, {""company"": ""Google India"", ""title"": ""DevOps Engineer"", ""years"": ""1""}, {""company"": ""Freshworks"", ""title"": ""Solutions Architect"", ""years"": ""4 (current)""}]",OpenCV|Redis|Research & Development|Docker,no
ALM00031,Vaishnavi Madan,bordeavni@example.net,alumni,2016–2020,Electronics & Communication Engineering,B.E. Electronics & Communication Engineering,2020,Sigmoid,Software Engineer,"[{""company"": ""Amazon India"", ""title"": ""Frontend Developer"", ""years"": ""3""}, {""company"": ""Freshworks"", ""title"": ""Research Scientist"", ""years"": ""3""}, {""company"": ""Sigmoid"", ""title"": ""Software Engineer"", ""years"": ""5 (current)""}]",Research & Development|Natural Language Processing|Market Research|Blockchain|SQL|Flask|Python,no
ALM00032,Praneel Murty,johalmaanas@example.net,alumni,2011–2015,Computer Science & Engineering,B.E. Computer Science & Engineering,2015,Paytm,VP Engineering,"[{""company"": ""Infosys"", ""title"": ""Backend Developer"", ""years"": ""1""}, {""company"": ""Unacademy"", ""title"": ""Frontend Developer"", ""years"": ""1""}, {""company"": ""Flipkart"", ""title"": ""Consultant"", ""years"": ""2""}, {""company"": ""Paytm"", ""title"": ""VP Engineering"", ""years"": ""4 (current)""}]",JavaScript|Flask|Financial Modelling|MongoDB|React|C++|Data Analysis,maybe
ALM00033,Faraj Mistry,wrideshramachandran@example.net,alumni,2019–2023,Biotechnology,B.Tech Biotechnology,2023,BYJU'S,Research Scientist,"[{""company"": ""Cognizant"", ""title"": ""Co-Founder & CTO"", ""years"": ""1""}, {""company"": ""LTIMindtree"", ""title"": ""Product Manager"", ""years"": ""4""}, {""company"": ""Tech Mahindra"", ""title"": ""Co-Founder & CTO"", ""years"": ""1""}, {""company"": ""BYJU'S"", ""title"": ""Research Scientist"", ""years"": ""4 (current)""}]",SQL|Redis|PostgreSQL|Kubernetes|PyTorch,maybe
ALM00034,Leena Dey,tellahiral@example.org,alumni,2013–2017,Electrical Engineering,B.E. Electrical Engineering,2017,HashedIn,Full Stack Developer,"[{""company"": ""Tech Mahindra"", ""title"": ""ML Engineer"", ""years"": ""2""}, {""company"": ""HashedIn"", ""title"": ""Full Stack Developer"", ""years"": ""5 (current)""}]",Flask|Node.js|Machine Learning|NumPy,no
ALM00035,Rajeshri Kata,oakmekhala@example.com,alumni,2014–2018,Electrical Engineering,B.E. Electrical Engineering,2018,IBM India,Senior Consultant,"[{""company"": ""Flipkart"", ""title"": ""Research Scientist"", ""years"": ""3""}, {""company"": ""Sigmoid"", ""title"": ""Full Stack Developer"", ""years"": ""1""}, {""company"": ""IBM India"", ""title"": ""Senior Consultant"", ""years"": ""1 (current)""}]",Product Management|Docker|Financial Modelling|Business Analysis|iOS Development,yes
ALM00036,Anjali Seshadri,wkari@example.net,alumni,2021–2025,Civil Engineering,B.E. Civil Engineering,2025,Zomato,Product Manager,"[{""company"": ""Freshworks"", ""title"": ""Engineering Manager"", ""years"": ""4""}, {""company"": ""Zomato"", ""title"": ""Product Manager"", ""years"": ""5 (current)""}]",Product Management|Docker|PostgreSQL|Deep Learning,yes
ALM00037,Rachana Grewal,xchada@example.net,alumni,2021–2025,Biotechnology,B.Tech Biotechnology,2025,HashedIn,Senior Consultant,"[{""company"": ""Freshworks"", ""title"": ""Data Engineer"", ""years"": ""4""}, {""company"": ""Accenture"", ""title"": ""Product Manager"", ""years"": ""1""}, {""company"": ""Infosys"", ""title"": ""Senior Software Engineer"", ""years"": ""2""}, {""company"": ""HashedIn"", ""title"": ""Senior Consultant"", ""years"": ""2 (current)""}]",PyTorch|Azure|Product Management|UI/UX Design|Figma,yes
ALM00038,Yatin Borah,loyalmitesh@example.com,alumni,2017–2021,Data Science & Business Analytics,B.Tech Data Science & Business Analytics,2021,PhonePe,Data Scientist,"[{""company"": ""Tech Mahindra"", ""title"": ""ML Engineer"", ""years"": ""4""}, {""company"": ""PhonePe"", ""title"": ""Data Scientist"", ""years"": ""2 (current)""}]",AWS|Django|C++|OpenCV,yes
ALM00039,Lopa Nadig,hredhaan10@example.com,alumni,2017–2021,Mechanical Engineering,B.E. Mechanical Engineering,2021,Postman,Technical Lead,"[{""company"": ""TCS"", ""title"": ""Technical Lead"", ""years"": ""4""}, {""company"": ""Google India"", ""title"": ""Engineering Manager"", ""years"": ""2""}, {""company"": ""Postman"", ""title"": ""Technical Lead"", ""years"": ""2 (current)""}]",MongoDB|NumPy|Flask|C++|Flutter|Financial Modelling,maybe
ALM00040,Jagvi Madan,deogagan@example.org,alumni,2018–2022,Civil Engineering,B.E. Civil Engineering,2022,CRED,Business Analyst,"[{""company"": ""ThoughtWorks"", ""title"": ""Senior Software Engineer"", ""years"": ""1""}, {""company"": ""Razorpay"", ""title"": ""Technical Lead"", ""years"": ""2""}, {""company"": ""CRED"", ""title"": ""Business Analyst"", ""years"": ""4 (current)""}]",Figma|IoT|SQL|UI/UX Design|Blockchain,yes
ALM00041,Saumya Vala,bchauhan@example.org,alumni,2020–2024,Biotechnology,B.Tech Biotechnology,2024,Paytm,Business Analyst,"[{""company"": ""Mphasis"", ""title"": ""Engineering Manager"", ""years"": ""3""}, {""company"": ""Unacademy"", ""title"": ""Full Stack Developer"", ""years"": ""2""}, {""company"": ""TCS"", ""title"": ""Backend Developer"", ""years"": ""2""}, {""company"": ""Paytm"", ""title"": ""Business Analyst"", ""years"": ""1 (current)""}]",JavaScript|Embedded Systems|IoT|GCP|Android Development|Data Analysis,yes
ALM00042,Girik Nair,sarora@example.com,alumni,2011–2015,Electronics & Communication Engineering,B.E. Electronics & Communication Engineering,2015,Freshworks,Full Stack Developer,"[{""company"": ""HCL Technologies"", ""title"": ""DevOps Engineer"", ""years"": ""4""}, {""company"": ""Paytm"", ""title"": ""Associate Product Manager"", ""years"": ""2""}, {""company"": ""Freshworks"", ""title"": ""Co-Founder & CTO"", ""years"": ""3""}, {""company"": ""Freshworks"", ""title"": ""Full Stack Developer"", ""years"": ""3 (current)""}]",Java|Financial Modelling|Business Analysis|GCP|Networking|Technical Writing|Flask|Public Speaking,yes
ALM00043,Frado Kibe,lajitagara@example.org,alumni,2016–2020,Chemical Engineering,B.E. Chemical Engineering,2020,Swiggy,Associate Product Manager,"[{""company"": ""Wipro"", ""title"": ""Data Scientist"", ""years"": ""1""}, {""company"": ""Zoho Corporation"", ""title"": ""Co-Founder & CEO"", ""years"": ""2""}, {""company"": ""Swiggy"", ""title"": ""Associate Product Manager"", ""years"": ""1 (current)""}]",Embedded Systems|Python|AWS|Flutter|Natural Language Processing|FastAPI|Public Speaking|Deep Learning,no
ALM00044,Charvi Loyal,edhingra@example.org,alumni,2008–2012,Computer Science & Engineering,B.E. Computer Science & Engineering,2012,SAP Labs India,Co-Founder & CTO,"[{""company"": ""SAP Labs India"", ""title"": ""Data Engineer"", ""years"": ""3""}, {""company"": ""Tech Mahindra"", ""title"": ""Engineering Manager"", ""years"": ""4""}, {""company"": ""Accenture"", ""title"": ""Backend Developer"", ""years"": ""3""}, {""company"": ""SAP Labs India"", ""title"": ""Co-Founder & CTO"", ""years"": ""3 (current)""}]",Machine Learning|Market Research|Pandas|UI/UX Design|VLSI Design,maybe
ALM00045,Anya Sama,veda15@example.com,alumni,2010–2014,Electrical Engineering,B.E. Electrical Engineering,2014,Paytm,DevOps Engineer,"[{""company"": ""Google India"", ""title"": ""Technical Lead"", ""years"": ""3""}, {""company"": ""CRED"", ""title"": ""Product Manager"", ""years"": ""2""}, {""company"": ""Infosys"", ""title"": ""Co-Founder & CTO"", ""years"": ""4""}, {""company"": ""Paytm"", ""title"": ""DevOps Engineer"", ""years"": ""5 (current)""}]",Deep Learning|iOS Development|Kubernetes|Flutter,yes
ALM00046,Warhi Hayre,ichhabra@example.com,alumni,2009–2013,Data Science & Business Analytics,B.Tech Data Science & Business Analytics,2013,Mphasis,Product Manager,"[{""company"": ""Tech Mahindra"", ""title"": ""DevOps Engineer"", ""years"": ""3""}, {""company"": ""Zomato"", ""title"": ""Associate Product Manager"", ""years"": ""1""}, {""company"": ""Mphasis"", ""title"": ""Product Manager"", ""years"": ""3 (current)""}]",Python|PostgreSQL|Computer Vision|SQL|Business Analysis|TypeScript|GCP,no
ALM00047,Meghana Natarajan,cnarayan@example.com,alumni,2019–2023,Electronics & Communication Engineering,B.E. Electronics & Communication Engineering,2023,Infosys,Senior Software Engineer,"[{""company"": ""HashedIn"", ""title"": ""Solutions Architect"", ""years"": ""2""}, {""company"": ""BrowserStack"", ""title"": ""Business Analyst"", ""years"": ""4""}, {""company"": ""Infosys"", ""title"": ""Senior Software Engineer"", ""years"": ""3 (current)""}]",TensorFlow|Node.js|Embedded Systems|Networking|Figma|Product Management|Data Analysis|Machine Learning,no
ALM00048,Laban Mital,sai75@example.org,alumni,2020–2024,Electronics & Communication Engineering,B.E. Electronics & Communication Engineering,2024,Wipro,Frontend Developer,"[{""company"": ""Zomato"", ""title"": ""Full Stack Developer"", ""years"": ""1""}, {""company"": ""Wipro"", ""title"": ""Frontend Developer"", ""years"": ""1 (current)""}]",Machine Learning|TensorFlow|Research & Development|Market Research|TypeScript|Cybersecurity,yes
ALM00049,Eiravati Manne,ukibe@example.com,alumni,2017–2021,Electrical Engineering,B.E. Electrical Engineering,2021,ThoughtWorks,Software Engineer,"[{""company"": ""Microsoft India"", ""title"": ""Co-Founder & CEO"", ""years"": ""4""}, {""company"": ""Microsoft India"", ""title"": ""Senior Software Engineer"", ""years"": ""1""}, {""company"": ""ThoughtWorks"", ""title"": ""Software Engineer"", ""years"": ""3 (current)""}]",Natural Language Processing|scikit-learn|Business Analysis|Cybersecurity|Market Research,maybe
ALM00050,Maya Patla,iyengarpranit@example.net,alumni,2012–2016,Artificial Intelligence & Machine Learning,B.E. Computer Science & Engineering (AI/ML),2016,CRED,Frontend Developer,"[{""company"": ""Accenture"", ""title"": ""Senior Software Engineer"", ""years"": ""4""}, {""company"": ""CRED"", ""title"": ""Frontend Developer"", ""years"": ""5 (current)""}]",VLSI Design|Flask|JavaScript|Azure|Python|Pandas|React|Redis,maybe
ALM00051,Triya Kadakia,smanne@example.org,alumni,2015–2019,Data Science & Business Analytics,B.Tech Data Science & Business Analytics,2019,Amazon India,Data Engineer,"[{""company"": ""Flipkart"", ""title"": ""Associate Product Manager"", ""years"": ""3""}, {""company"": ""Amazon India"", ""title"": ""Data Engineer"", ""years"": ""1 (current)""}]",Django|Docker|PyTorch|Embedded Systems|VLSI Design|Agile|PostgreSQL,yes
ALM00052,Xalak Dewan,wyatt42@example.net,alumni,2014–2018,Artificial Intelligence & Machine Learning,B.E. Computer Science & Engineering (AI/ML),2018,Google India,Engineering Manager,"[{""company"": ""BYJU'S"", ""title"": ""Associate Product Manager"", ""years"": ""4""}, {""company"": ""Wipro"", ""title"": ""Full Stack Developer"", ""years"": ""4""}, {""company"": ""Google India"", ""title"": ""Engineering Manager"", ""years"": ""4 (current)""}]",Data Analysis|MongoDB|Networking|JavaScript|Flask|Business Analysis,maybe
ALM00053,Krishna Borah,lsrinivas@example.com,alumni,2009–2013,Electronics & Communication Engineering,B.E. Electronics & Communication Engineering,2013,Paytm,Senior Consultant,"[{""company"": ""Zoho Corporation"", ""title"": ""Senior Consultant"", ""years"": ""1""}, {""company"": ""Unacademy"", ""title"": ""Consultant"", ""years"": ""4""}, {""company"": ""Paytm"", ""title"": ""Senior Consultant"", ""years"": ""5 (current)""}]",Networking|SQL|Embedded Systems|Docker|React|PyTorch|C++,maybe
ALM00054,Balhaar Parsa,choprayuvraj@example.net,alumni,2016–2020,Data Science & Business Analytics,B.Tech Data Science & Business Analytics,2020,SAP Labs India,Data Engineer,"[{""company"": ""Google India"", ""title"": ""Associate Product Manager"", ""years"": ""2""}, {""company"": ""Amazon India"", ""title"": ""Product Manager"", ""years"": ""1""}, {""company"": ""SAP Labs India"", ""title"": ""Data Engineer"", ""years"": ""4 (current)""}]",Product Management|Pandas|Natural Language Processing|UI/UX Design,yes
ALM00055,Ojas Basu,ynarula@example.com,alumni,2012–2016,Data Science & Business Analytics,B.Tech Data Science & Business Analytics,2016,Zomato,Data Scientist,"[{""company"": ""Unacademy"", ""title"": ""Senior Consultant"", ""years"": ""4""}, {""company"": ""Zomato"", ""title"": ""Data Scientist"", ""years"": ""5 (current)""}]",MongoDB|IoT|OpenCV|Python|Business Analysis|Flutter,maybe
ALM00056,Advaith Chaudhari,tristan88@example.net,alumni,2020–2024,Artificial Intelligence & Machine Learning,B.E. Computer Science & Engineering (AI/ML),2024,BrowserStack,Data Engineer,"[{""company"": ""SAP Labs India"", ""title"": ""Product Manager"", ""years"": ""1""}, {""company"": ""Accenture"", ""title"": ""Co-Founder & CTO"", ""years"": ""1""}, {""company"": ""BrowserStack"", ""title"": ""Data Engineer"", ""years"": ""3 (current)""}]",GCP|scikit-learn|PostgreSQL|TensorFlow|Figma|VLSI Design|Networking|iOS Development,no
ALM00057,Sanaya Prasad,xsheth@example.net,alumni,2010–2014,Computer Science & Engineering,B.E. Computer Science & Engineering,2014,Razorpay,Technical Lead,"[{""company"": ""Meesho"", ""title"": ""Senior Software Engineer"", ""years"": ""4""}, {""company"": ""Razorpay"", ""title"": ""Technical Lead"", ""years"": ""3 (current)""}]",JavaScript|Public Speaking|Embedded Systems|MongoDB|Azure,yes
ALM00058,Hemani Bakshi,scheema@example.com,alumni,2021–2025,Electrical Engineering,B.E. Electrical Engineering,2025,Swiggy,Frontend Developer,"[{""company"": ""Mphasis"", ""title"": ""Data Engineer"", ""years"": ""2""}, {""company"": ""Oracle India"", ""title"": ""Frontend Developer"", ""years"": ""4""}, {""company"": ""Swiggy"", ""title"": ""Frontend Developer"", ""years"": ""3 (current)""}]",Market Research|scikit-learn|iOS Development|Figma|React|Natural Language Processing,no
ALM00059,Jack Dhar,devika57@example.org,alumni,2021–2025,Civil Engineering,B.E. Civil Engineering,2025,BrowserStack,Business Analyst,"[{""company"": ""BYJU'S"", ""title"": ""Senior Software Engineer"", ""years"": ""2""}, {""company"": ""Tech Mahindra"", ""title"": ""Frontend Developer"", ""years"": ""4""}, {""company"": ""Oracle India"", ""title"": ""Consultant"", ""years"": ""1""}, {""company"": ""BrowserStack"", ""title"": ""Business Analyst"", ""years"": ""2 (current)""}]",Natural Language Processing|JavaScript|SQL|C++|OpenCV,yes
ALM00060,Ijaya Soni,sarmasneha@example.com,alumni,2019–2023,Electrical Engineering,B.E. Electrical Engineering,2023,Amazon India,Full Stack Developer,"[{""company"": ""Sigmoid"", ""title"": ""Consultant"", ""years"": ""4""}, {""company"": ""IBM India"", ""title"": ""Software Engineer"", ""years"": ""2""}, {""company"": ""Amazon India"", ""title"": ""Full Stack Developer"", ""years"": ""3 (current)""}]",iOS Development|NumPy|Deep Learning|Embedded Systems|Android Development|Cybersecurity|GCP,no
ALM00061,Charita Basu,bajajhemal@example.net,alumni,2021–2025,Mechanical Engineering,B.E. Mechanical Engineering,2025,PhonePe,Data Scientist,"[{""company"": ""TCS"", ""title"": ""Technical Lead"", ""years"": ""1""}, {""company"": ""Microsoft India"", ""title"": ""Co-Founder & CTO"", ""years"": ""2""}, {""company"": ""PhonePe"", ""title"": ""Data Scientist"", ""years"": ""2 (current)""}]",Product Management|Computer Vision|MongoDB|Figma|scikit-learn,maybe
ALM00062,Nitesh Kohli,nathanielnarayanan@example.net,alumni,2021–2025,Computer Science & Engineering,B.E. Computer Science & Engineering,2025,Infosys,Business Analyst,"[{""company"": ""Google India"", ""title"": ""Co-Founder & CEO"", ""years"": ""1""}, {""company"": ""Infosys"", ""title"": ""Business Analyst"", ""years"": ""2 (current)""}]",iOS Development|Docker|Financial Modelling|Public Speaking|Figma|MongoDB,no
ALM00063,Turvi Kata,lgour@example.net,alumni,2021–2025,Biotechnology,B.Tech Biotechnology,2025,Paytm,Research Scientist,"[{""company"": ""Flipkart"", ""title"": ""Research Scientist"", ""years"": ""3""}, {""company"": ""Persistent Systems"", ""title"": ""Co-Founder & CEO"", ""years"": ""4""}, {""company"": ""Paytm"", ""title"": ""Research Scientist"", ""years"": ""5 (current)""}]",Python|CAD/CAM|Agile|Azure,maybe
ALM00064,Meghana Balakrishnan,shivanisanghvi@example.com,alumni,2017–2021,Data Science & Business Analytics,B.Tech Data Science & Business Analytics,2021,CRED,Frontend Developer,"[{""company"": ""Accenture"", ""title"": ""Business Analyst"", ""years"": ""1""}, {""company"": ""Ola"", ""title"": ""Full Stack Developer"", ""years"": ""3""}, {""company"": ""Razorpay"", ""title"": ""Full Stack Developer"", ""years"": ""3""}, {""company"": ""CRED"", ""title"": ""Frontend Developer"", ""years"": ""2 (current)""}]",IoT|Technical Writing|SQL|JavaScript|iOS Development,no
ALM00065,Tanish Jha,dev91@example.net,alumni,2018–2022,Electrical Engineering,B.E. Electrical Engineering,2022,Oracle India,Software Engineer,"[{""company"": ""Mphasis"", ""title"": ""Frontend Developer"", ""years"": ""3""}, {""company"": ""BrowserStack"", ""title"": ""Technical Lead"", ""years"": ""4""}, {""company"": ""Wipro"", ""title"": ""Co-Founder & CTO"", ""years"": ""2""}, {""company"": ""Oracle India"", ""title"": ""Software Engineer"", ""years"": ""3 (current)""}]",Product Management|Blockchain|UI/UX Design|Embedded Systems|Agile,no
ALM00066,Jasmit Nanda,tanvicomar@example.com,alumni,2012–2016,Artificial Intelligence & Machine Learning,B.E. Computer Science & Engineering (AI/ML),2016,Microsoft India,Senior Consultant,"[{""company"": ""CRED"", ""title"": ""Data Engineer"", ""years"": ""4""}, {""company"": ""Microsoft India"", ""title"": ""Senior Consultant"", ""years"": ""2 (current)""}]",Market Research|Cybersecurity|Deep Learning|Product Management|AWS|Figma,yes
ALM00067,Dhriti Rama,wcomar@example.com,alumni,2013–2017,Civil Engineering,B.E. Civil Engineering,2017,Zoho Corporation,Frontend Developer,"[{""company"": ""Ola"", ""title"": ""Engineering Manager"", ""years"": ""3""}, {""company"": ""CRED"", ""title"": ""Research Scientist"", ""years"": ""1""}, {""company"": ""Zoho Corporation"", ""title"": ""Frontend Developer"", ""years"": ""4 (current)""}]",UI/UX Design|Android Development|Flutter|TypeScript,no
ALM00068,Orinder Mishra,desaidhriti@example.org,alumni,2016–2020,Civil Engineering,B.E. Civil Engineering,2020,IBM India,Technical Lead,"[{""company"": ""Swiggy"", ""title"": ""Solutions Architect"", ""years"": ""1""}, {""company"": ""SAP Labs India"", ""title"": ""Product Manager"", ""years"": ""2""}, {""company"": ""Ola"", ""title"": ""Solutions Architect"", ""years"": ""4""}, {""company"": ""IBM India"", ""title"": ""Technical Lead"", ""years"": ""2 (current)""}]",Financial Modelling|Deep Learning|React|VLSI Design|AWS|UI/UX Design,yes
ALM00069,Dalaja Dada,kashvidhaliwal@example.net,alumni,2018–2022,Electrical Engineering,B.E. Electrical Engineering,2022,HCL Technologies,Software Engineer,"[{""company"": ""Razorpay"", ""title"": ""ML Engineer"", ""years"": ""2""}, {""company"": ""Microsoft India"", ""title"": ""Business Analyst"", ""years"": ""1""}, {""company"": ""HCL Technologies"", ""title"": ""Software Engineer"", ""years"": ""2 (current)""}]",Pandas|UI/UX Design|Research & Development|PyTorch|Public Speaking|Embedded Systems|TensorFlow|Python,yes
ALM00070,Omya Devi,lsampath@example.com,alumni,2011–2015,Artificial Intelligence & Machine Learning,B.E. Computer Science & Engineering (AI/ML),2015,BYJU'S,Software Engineer,"[{""company"": ""Persistent Systems"", ""title"": ""ML Engineer"", ""years"": ""1""}, {""company"": ""Infosys"", ""title"": ""VP Engineering"", ""years"": ""2""}, {""company"": ""BYJU'S"", ""title"": ""Software Engineer"", ""years"": ""2 (current)""}]",Docker|FastAPI|Node.js|TensorFlow|CAD/CAM|Android Development,no
ALM00071,Ojas Suri,logan25@example.com,alumni,2009–2013,Mechanical Engineering,B.E. Mechanical Engineering,2013,Wipro,Frontend Developer,"[{""company"": ""Sigmoid"", ""title"": ""Consultant"", ""years"": ""3""}, {""company"": ""Postman"", ""title"": ""Product Manager"", ""years"": ""3""}, {""company"": ""Wipro"", ""title"": ""Frontend Developer"", ""years"": ""4 (current)""}]",Technical Writing|Natural Language Processing|Machine Learning|PyTorch|Java|Data Analysis,yes
ALM00072,Jagrati Andra,mdeshpande@example.com,alumni,2011–2015,Mechanical Engineering,B.E. Mechanical Engineering,2015,TCS,Co-Founder & CTO,"[{""company"": ""Microsoft India"", ""title"": ""Data Engineer"", ""years"": ""3""}, {""company"": ""Wipro"", ""title"": ""Technical Lead"", ""years"": ""3""}, {""company"": ""HCL Technologies"", ""title"": ""Co-Founder & CEO"", ""years"": ""1""}, {""company"": ""TCS"", ""title"": ""Co-Founder & CTO"", ""years"": ""1 (current)""}]",JavaScript|Business Analysis|Django|scikit-learn,no
ALM00073,Nilima Swamy,fsawhney@example.org,alumni,2009–2013,Biotechnology,B.Tech Biotechnology,2013,PhonePe,Business Analyst,"[{""company"": ""SAP Labs India"", ""title"": ""ML Engineer"", ""years"": ""1""}, {""company"": ""Swiggy"", ""title"": ""Solutions Architect"", ""years"": ""1""}, {""company"": ""Persistent Systems"", ""title"": ""Full Stack Developer"", ""years"": ""2""}, {""company"": ""PhonePe"", ""title"": ""Business Analyst"", ""years"": ""4 (current)""}]",CAD/CAM|Market Research|Flutter|Django,no
ALM00074,Azaan Kannan,bachittar43@example.net,alumni,2020–2024,Electronics & Communication Engineering,B.E. Electronics & Communication Engineering,2024,Accenture,Business Analyst,"[{""company"": ""Amazon India"", ""title"": ""Full Stack Developer"", ""years"": ""2""}, {""company"": ""Accenture"", ""title"": ""Business Analyst"", ""years"": ""3 (current)""}]",Redis|Machine Learning|C++|Cybersecurity|VLSI Design|Computer Vision|Embedded Systems,no
ALM00075,Om Shankar,hvaidya@example.net,alumni,2008–2012,Civil Engineering,B.E. Civil Engineering,2012,Infosys,Data Scientist,"[{""company"": ""Mphasis"", ""title"": ""Product Manager"", ""years"": ""1""}, {""company"": ""Infosys"", ""title"": ""Data Scientist"", ""years"": ""5 (current)""}]",Market Research|Node.js|PostgreSQL|Figma,yes
ALM00076,Amrita Peri,sastrytejas@example.com,alumni,2012–2016,Chemical Engineering,B.E. Chemical Engineering,2016,PhonePe,Research Scientist,"[{""company"": ""Accenture"", ""title"": ""Associate Product Manager"", ""years"": ""1""}, {""company"": ""PhonePe"", ""title"": ""Research Scientist"", ""years"": ""3 (current)""}]",Product Management|Kubernetes|Pandas|Django|Node.js|C++,yes
ALM00077,Yug Mishra,senguptaadya@example.com,alumni,2018–2022,Mechanical Engineering,B.E. Mechanical Engineering,2022,Microsoft India,Backend Developer,"[{""company"": ""HashedIn"", ""title"": ""Co-Founder & CEO"", ""years"": ""3""}, {""company"": ""Cognizant"", ""title"": ""Engineering Manager"", ""years"": ""3""}, {""company"": ""Microsoft India"", ""title"": ""Backend Developer"", ""years"": ""2 (current)""}]",PyTorch|OpenCV|MongoDB|TensorFlow,maybe
ALM00078,Reva Dalal,shauryapanchal@example.net,alumni,2020–2024,Chemical Engineering,B.E. Chemical Engineering,2024,BrowserStack,VP Engineering,"[{""company"": ""IBM India"", ""title"": ""Product Manager"", ""years"": ""1""}, {""company"": ""BrowserStack"", ""title"": ""VP Engineering"", ""years"": ""2 (current)""}]",scikit-learn|Android Development|Embedded Systems|Networking,maybe
ALM00079,Noah Dewan,samuelbhargava@example.net,alumni,2010–2014,Chemical Engineering,B.E. Chemical Engineering,2014,Unacademy,Engineering Manager,"[{""company"": ""TCS"", ""title"": ""Product Manager"", ""years"": ""4""}, {""company"": ""Mphasis"", ""title"": ""Data Engineer"", ""years"": ""4""}, {""company"": ""HashedIn"", ""title"": ""Senior Software Engineer"", ""years"": ""1""}, {""company"": ""Unacademy"", ""title"": ""Engineering Manager"", ""years"": ""3 (current)""}]",Python|Financial Modelling|Product Management|IoT|Networking|Technical Writing,yes
ALM00080,Avni Yohannan,ekiyamaster@example.com,alumni,2016–2020,Electrical Engineering,B.E. Electrical Engineering,2020,Persistent Systems,Co-Founder & CEO,"[{""company"": ""Postman"", ""title"": ""DevOps Engineer"", ""years"": ""4""}, {""company"": ""Persistent Systems"", ""title"": ""Co-Founder & CEO"", ""years"": ""3 (current)""}]",Flask|Cybersecurity|Flutter|JavaScript|Python|Figma|Machine Learning,maybe
ALM00081,Yoshita Chandran,nishabhargava@example.com,alumni,2021–2025,Chemical Engineering,B.E. Chemical Engineering,2025,Mphasis,Associate Product Manager,"[{""company"": ""Mphasis"", ""title"": ""Backend Developer"", ""years"": ""2""}, {""company"": ""Mphasis"", ""title"": ""Associate Product Manager"", ""years"": ""3 (current)""}]",JavaScript|CAD/CAM|Data Analysis|Cybersecurity|Figma|TensorFlow,no
ALM00082,Kevin Krish,ekantakota@example.net,alumni,2009–2013,Civil Engineering,B.E. Civil Engineering,2013,Sigmoid,Research Scientist,"[{""company"": ""HashedIn"", ""title"": ""Data Scientist"", ""years"": ""4""}, {""company"": ""HashedIn"", ""title"": ""Backend Developer"", ""years"": ""1""}, {""company"": ""Mphasis"", ""title"": ""VP Engineering"", ""years"": ""1""}, {""company"": ""Sigmoid"", ""title"": ""Research Scientist"", ""years"": ""1 (current)""}]",scikit-learn|C++|Cybersecurity|Public Speaking|Python|React|iOS Development,maybe
ALM00083,Vrishti Dhar,oeshi67@example.org,alumni,2016–2020,Information Technology,B.Tech Information Technology,2020,Flipkart,VP Engineering,"[{""company"": ""Sigmoid"", ""title"": ""Backend Developer"", ""years"": ""3""}, {""company"": ""HCL Technologies"", ""title"": ""DevOps Engineer"", ""years"": ""4""}, {""company"": ""Ola"", ""title"": ""Senior Consultant"", ""years"": ""4""}, {""company"": ""Flipkart"", ""title"": ""VP Engineering"", ""years"": ""3 (current)""}]",Django|Node.js|Agile|Data Analysis|Python|AWS|GCP,maybe
ALM00084,Neha Varma,jyoti77@example.com,alumni,2016–2020,Information Technology,B.Tech Information Technology,2020,Persistent Systems,Engineering Manager,"[{""company"": ""Accenture"", ""title"": ""Senior Software Engineer"", ""years"": ""2""}, {""company"": ""Mphasis"", ""title"": ""Product Manager"", ""years"": ""4""}, {""company"": ""Accenture"", ""title"": ""Full Stack Developer"", ""years"": ""2""}, {""company"": ""Persistent Systems"", ""title"": ""Engineering Manager"", ""years"": ""2 (current)""}]",PyTorch|Computer Vision|OpenCV|Natural Language Processing,maybe
ALM00085,Girik Shanker,dev86@example.org,alumni,2009–2013,Electrical Engineering,B.E. Electrical Engineering,2013,BrowserStack,Senior Software Engineer,"[{""company"": ""IBM India"", ""title"": ""Research Scientist"", ""years"": ""4""}, {""company"": ""LTIMindtree"", ""title"": ""Product Manager"", ""years"": ""4""}, {""company"": ""Infosys"", ""title"": ""Consultant"", ""years"": ""1""}, {""company"": ""BrowserStack"", ""title"": ""Senior Software Engineer"", ""years"": ""5 (current)""}]",Android Development|Embedded Systems|CAD/CAM|Deep Learning|Business Analysis|Research & Development|Market Research,maybe
ALM00086,Siddharth Talwar,ekantika45@example.net,alumni,2009–2013,Mechanical Engineering,B.E. Mechanical Engineering,2013,Unacademy,Co-Founder & CEO,"[{""company"": ""Zomato"", ""title"": ""Consultant"", ""years"": ""4""}, {""company"": ""BrowserStack"", ""title"": ""Co-Founder & CEO"", ""years"": ""2""}, {""company"": ""Razorpay"", ""title"": ""Technical Lead"", ""years"": ""3""}, {""company"": ""Unacademy"", ""title"": ""Co-Founder & CEO"", ""years"": ""3 (current)""}]",FastAPI|Research & Development|scikit-learn|iOS Development|Business Analysis|CAD/CAM|Docker,maybe
ALM00087,Vedhika Oza,batrahardik@example.net,alumni,2021–2025,Artificial Intelligence & Machine Learning,B.E. Computer Science & Engineering (AI/ML),2025,Zomato,Senior Consultant,"[{""company"": ""Flipkart"", ""title"": ""ML Engineer"", ""years"": ""2""}, {""company"": ""CRED"", ""title"": ""Engineering Manager"", ""years"": ""2""}, {""company"": ""Google India"", ""title"": ""Consultant"", ""years"": ""3""}, {""company"": ""Zomato"", ""title"": ""Senior Consultant"", ""years"": ""1 (current)""}]",Cybersecurity|Embedded Systems|Android Development|Networking|Agile|scikit-learn,maybe
ALM00088,Amol Dash,ridhishan@example.org,alumni,2012–2016,Artificial Intelligence & Machine Learning,B.E. Computer Science & Engineering (AI/ML),2016,Postman,Software Engineer,"[{""company"": ""Accenture"", ""title"": ""Software Engineer"", ""years"": ""4""}, {""company"": ""SAP Labs India"", ""title"": ""Senior Software Engineer"", ""years"": ""1""}, {""company"": ""Amazon India"", ""title"": ""Full Stack Developer"", ""years"": ""2""}, {""company"": ""Postman"", ""title"": ""Software Engineer"", ""years"": ""3 (current)""}]",Flask|JavaScript|Business Analysis|Redis|Computer Vision|Blockchain,yes
ALM00089,Samaksh Deo,nathan41@example.net,alumni,2021–2025,Electrical Engineering,B.E. Electrical Engineering,2025,HashedIn,Data Engineer,"[{""company"": ""Zoho Corporation"", ""title"": ""VP Engineering"", ""years"": ""4""}, {""company"": ""Freshworks"", ""title"": ""Consultant"", ""years"": ""3""}, {""company"": ""HCL Technologies"", ""title"": ""Technical Lead"", ""years"": ""4""}, {""company"": ""HashedIn"", ""title"": ""Data Engineer"", ""years"": ""4 (current)""}]",Cybersecurity|JavaScript|Python|PostgreSQL|Natural Language Processing|Flutter,no
ALM00090,Zashil Butala,noah06@example.net,alumni,2018–2022,Civil Engineering,B.E. Civil Engineering,2022,BYJU'S,Co-Founder & CTO,"[{""company"": ""Amazon India"", ""title"": ""ML Engineer"", ""years"": ""3""}, {""company"": ""HashedIn"", ""title"": ""Associate Product Manager"", ""years"": ""1""}, {""company"": ""Google India"", ""title"": ""Associate Product Manager"", ""years"": ""1""}, {""company"": ""BYJU'S"", ""title"": ""Co-Founder & CTO"", ""years"": ""4 (current)""}]",Pandas|MongoDB|Cybersecurity|PostgreSQL,yes
ALM00091,Vivaan Sanghvi,chandranaarav@example.org,alumni,2017–2021,Mechanical Engineering,B.E. Mechanical Engineering,2021,PhonePe,Software Engineer,"[{""company"": ""Sigmoid"", ""title"": ""Product Manager"", ""years"": ""1""}, {""company"": ""SAP Labs India"", ""title"": ""Backend Developer"", ""years"": ""1""}, {""company"": ""PhonePe"", ""title"": ""Software Engineer"", ""years"": ""5 (current)""}]",VLSI Design|Networking|Cybersecurity|GCP|TypeScript|Kubernetes,maybe
ALM00092,Faras Deo,zilmilsaxena@example.org,alumni,2010–2014,Civil Engineering,B.E. Civil Engineering,2014,Persistent Systems,Data Scientist,"[{""company"": ""Microsoft India"", ""title"": ""Solutions Architect"", ""years"": ""4""}, {""company"": ""Cognizant"", ""title"": ""Engineering Manager"", ""years"": ""2""}, {""company"": ""Flipkart"", ""title"": ""Backend Developer"", ""years"": ""3""}, {""company"": ""Persistent Systems"", ""title"": ""Data Scientist"", ""years"": ""3 (current)""}]",Computer Vision|Technical Writing|Flutter|IoT|Embedded Systems|Cybersecurity,maybe
ALM00093,Hemal Dara,edeo@example.org,alumni,2009–2013,Computer Science & Engineering,B.E. Computer Science & Engineering,2013,Paytm,Research Scientist,"[{""company"": ""Freshworks"", ""title"": ""Senior Software Engineer"", ""years"": ""3""}, {""company"": ""Paytm"", ""title"": ""Research Scientist"", ""years"": ""4 (current)""}]",TensorFlow|PostgreSQL|Blockchain|Market Research,no
ALM00094,Leela Chakraborty,chauhandhriti@example.com,alumni,2016–2020,Computer Science & Engineering,B.E. Computer Science & Engineering,2020,BYJU'S,Consultant,"[{""company"": ""HashedIn"", ""title"": ""Business Analyst"", ""years"": ""1""}, {""company"": ""CRED"", ""title"": ""VP Engineering"", ""years"": ""2""}, {""company"": ""Zomato"", ""title"": ""Consultant"", ""years"": ""1""}, {""company"": ""BYJU'S"", ""title"": ""Consultant"", ""years"": ""1 (current)""}]",Research & Development|Blockchain|Python|UI/UX Design|TypeScript,yes
ALM00095,Laksh Raja,lukebiswas@example.net,alumni,2021–2025,Civil Engineering,B.E. Civil Engineering,2025,Postman,Data Engineer,"[{""company"": ""Postman"", ""title"": ""VP Engineering"", ""years"": ""1""}, {""company"": ""Postman"", ""title"": ""Data Engineer"", ""years"": ""2 (current)""}]",OpenCV|Financial Modelling|AWS|C++,yes
ALM00096,Nitesh Sarraf,tanay26@example.net,alumni,2008–2012,Electronics & Communication Engineering,B.E. Electronics & Communication Engineering,2012,Google India,Full Stack Developer,"[{""company"": ""Tech Mahindra"", ""title"": ""Co-Founder & CTO"", ""years"": ""2""}, {""company"": ""PhonePe"", ""title"": ""Solutions Architect"", ""years"": ""4""}, {""company"": ""HashedIn"", ""title"": ""VP Engineering"", ""years"": ""4""}, {""company"": ""Google India"", ""title"": ""Full Stack Developer"", ""years"": ""4 (current)""}]",Java|TensorFlow|Product Management|Django|Blockchain|Python,maybe
ALM00097,Teerth Chadha,deyjatin@example.net,alumni,2009–2013,Data Science & Business Analytics,B.Tech Data Science & Business Analytics,2013,Wipro,Data Scientist,"[{""company"": ""LTIMindtree"", ""title"": ""Data Engineer"", ""years"": ""3""}, {""company"": ""Swiggy"", ""title"": ""Co-Founder & CEO"", ""years"": ""1""}, {""company"": ""Wipro"", ""title"": ""Data Scientist"", ""years"": ""3 (current)""}]",TensorFlow|PyTorch|Agile|Java|Embedded Systems|Machine Learning|Blockchain,yes
ALM00098,Indali Sanghvi,logan34@example.net,alumni,2019–2023,Mechanical Engineering,B.E. Mechanical Engineering,2023,Meesho,Senior Consultant,"[{""company"": ""SAP Labs India"", ""title"": ""Frontend Developer"", ""years"": ""3""}, {""company"": ""Infosys"", ""title"": ""Senior Consultant"", ""years"": ""2""}, {""company"": ""Meesho"", ""title"": ""Senior Consultant"", ""years"": ""1 (current)""}]",Python|Networking|iOS Development|PyTorch,maybe
ALM00099,Yuvraj Mane,mitrasamesh@example.net,alumni,2009–2013,Artificial Intelligence & Machine Learning,B.E. Computer Science & Engineering (AI/ML),2013,Swiggy,ML Engineer,"[{""company"": ""Paytm"", ""title"": ""ML Engineer"", ""years"": ""4""}, {""company"": ""LTIMindtree"", ""title"": ""Product Manager"", ""years"": ""2""}, {""company"": ""Google India"", ""title"": ""DevOps Engineer"", ""years"": ""3""}, {""company"": ""Swiggy"", ""title"": ""ML Engineer"", ""years"": ""2 (current)""}]",Deep Learning|Agile|Networking|JavaScript,maybe
ALM00100,Manya Merchant,khatriwarda@example.com,alumni,2018–2022,Chemical Engineering,B.E. Chemical Engineering,2022,Tech Mahindra,Frontend Developer,"[{""company"": ""Tech Mahindra"", ""title"": ""Full Stack Developer"", ""years"": ""1""}, {""company"": ""Amazon India"", ""title"": ""Co-Founder & CTO"", ""years"": ""4""}, {""company"": ""Ola"", ""title"": ""Engineering Manager"", ""years"": ""2""}, {""company"": ""Tech Mahindra"", ""title"": ""Frontend Developer"", ""years"": ""2 (current)""}]",Redis|Flutter|TypeScript|Natural Language Processing,no
ALM00101,Wridesh Tata,wableadvik@example.com,alumni,2015–2019,Chemical Engineering,B.E. Chemical Engineering,2019,Ola,Co-Founder & CEO,"[{""company"": ""Swiggy"", ""title"": ""Co-Founder & CTO"", ""years"": ""2""}, {""company"": ""BYJU'S"", ""title"": ""Backend Developer"", ""years"": ""4""}, {""company"": ""Microsoft India"", ""title"": ""Software Engineer"", ""years"": ""3""}, {""company"": ""Ola"", ""title"": ""Co-Founder & CEO"", ""years"": ""2 (current)""}]",Financial Modelling|Public Speaking|Figma|Pandas|MongoDB,no
ALM00102,Kevin Ram,ipau@example.net,alumni,2018–2022,Mechanical Engineering,B.E. Mechanical Engineering,2022,Ola,Business Analyst,"[{""company"": ""HashedIn"", ""title"": ""Engineering Manager"", ""years"": ""3""}, {""company"": ""Mphasis"", ""title"": ""Senior Consultant"", ""years"": ""1""}, {""company"": ""Ola"", ""title"": ""Business Analyst"", ""years"": ""2 (current)""}]",React|MongoDB|FastAPI|Blockchain|Natural Language Processing|PostgreSQL|UI/UX Design|TypeScript,maybe
ALM00103,Urishilla Bora,birakshay@example.com,alumni,2008–2012,Electronics & Communication Engineering,B.E. Electronics & Communication Engineering,2012,LTIMindtree,VP Engineering,"[{""company"": ""Meesho"", ""title"": ""Co-Founder & CTO"", ""years"": ""2""}, {""company"": ""LTIMindtree"", ""title"": ""VP Engineering"", ""years"": ""1 (current)""}]",PostgreSQL|Blockchain|Technical Writing|Embedded Systems|Figma|Flask|Azure|PyTorch,yes
ALM00104,Balveer Bhasin,stoor@example.net,alumni,2019–2023,Data Science & Business Analytics,B.Tech Data Science & Business Analytics,2023,CRED,Product Manager,"[{""company"": ""LTIMindtree"", ""title"": ""Consultant"", ""years"": ""1""}, {""company"": ""Meesho"", ""title"": ""Engineering Manager"", ""years"": ""1""}, {""company"": ""CRED"", ""title"": ""Product Manager"", ""years"": ""2 (current)""}]",Product Management|Machine Learning|CAD/CAM|FastAPI|NumPy|Technical Writing|Deep Learning|Networking,maybe
ALM00105,Pallavi Ratti,yadavmichael@example.com,alumni,2019–2023,Mechanical Engineering,B.E. Mechanical Engineering,2023,ThoughtWorks,Engineering Manager,"[{""company"": ""Zoho Corporation"", ""title"": ""Business Analyst"", ""years"": ""2""}, {""company"": ""ThoughtWorks"", ""title"": ""Engineering Manager"", ""years"": ""1 (current)""}]",Azure|Data Analysis|C++|Agile|Computer Vision|IoT,no
ALM00106,Dayita Brar,nachiketyadav@example.com,alumni,2015–2019,Biotechnology,B.Tech Biotechnology,2019,Sigmoid,Senior Software Engineer,"[{""company"": ""Zomato"", ""title"": ""Data Engineer"", ""years"": ""3""}, {""company"": ""Sigmoid"", ""title"": ""Senior Software Engineer"", ""years"": ""3 (current)""}]",Blockchain|Networking|Deep Learning|TensorFlow|Figma|Market Research|Azure|Android Development,maybe
ALM00107,Dominic Mukherjee,dkhare@example.org,alumni,2016–2020,Electronics & Communication Engineering,B.E. Electronics & Communication Engineering,2020,PhonePe,Technical Lead,"[{""company"": ""Persistent Systems"", ""title"": ""Technical Lead"", ""years"": ""3""}, {""company"": ""PhonePe"", ""title"": ""Technical Lead"", ""years"": ""3 (current)""}]",Embedded Systems|iOS Development|Python|CAD/CAM|FastAPI|NumPy|Machine Learning,yes
ALM00108,Radha D’Alia,tbhakta@example.net,alumni,2016–2020,Electronics & Communication Engineering,B.E. Electronics & Communication Engineering,2020,Razorpay,ML Engineer,"[{""company"": ""Google India"", ""title"": ""Associate Product Manager"", ""years"": ""3""}, {""company"": ""Razorpay"", ""title"": ""ML Engineer"", ""years"": ""5 (current)""}]",Agile|Data Analysis|scikit-learn|AWS,maybe
ALM00109,Jagdish Arora,advaygade@example.com,alumni,2015–2019,Electronics & Communication Engineering,B.E. Electronics & Communication Engineering,2019,ThoughtWorks,Business Analyst,"[{""company"": ""Microsoft India"", ""title"": ""VP Engineering"", ""years"": ""4""}, {""company"": ""ThoughtWorks"", ""title"": ""Business Analyst"", ""years"": ""1 (current)""}]",C++|FastAPI|Networking|Android Development|Machine Learning,yes
ALM00110,Zansi Lad,kamyadate@example.net,alumni,2008–2012,Artificial Intelligence & Machine Learning,B.E. Computer Science & Engineering (AI/ML),2012,SAP Labs India,Senior Software Engineer,"[{""company"": ""PhonePe"", ""title"": ""Associate Product Manager"", ""years"": ""4""}, {""company"": ""SAP Labs India"", ""title"": ""Senior Software Engineer"", ""years"": ""5 (current)""}]",UI/UX Design|Java|Market Research|Public Speaking|Agile|Redis|React|Computer Vision,no
ALM00111,Jacob Balan,pushti48@example.org,alumni,2015–2019,Data Science & Business Analytics,B.Tech Data Science & Business Analytics,2019,ThoughtWorks,Associate Product Manager,"[{""company"": ""BrowserStack"", ""title"": ""Co-Founder & CEO"", ""years"": ""2""}, {""company"": ""ThoughtWorks"", ""title"": ""Associate Product Manager"", ""years"": ""5 (current)""}]",Flutter|Agile|CAD/CAM|PostgreSQL|Machine Learning,maybe
ALM00112,Faraj Taneja,xvaidya@example.org,alumni,2015–2019,Electrical Engineering,B.E. Electrical Engineering,2019,Tech Mahindra,DevOps Engineer,"[{""company"": ""Unacademy"", ""title"": ""Product Manager"", ""years"": ""1""}, {""company"": ""TCS"", ""title"": ""ML Engineer"", ""years"": ""4""}, {""company"": ""Tech Mahindra"", ""title"": ""DevOps Engineer"", ""years"": ""2 (current)""}]",Node.js|Deep Learning|Embedded Systems|Flutter|iOS Development|C++|Blockchain|CAD/CAM,yes
ALM00113,Ojas Pillai,aadhyachauhan@example.net,alumni,2015–2019,Electronics & Communication Engineering,B.E. Electronics & Communication Engineering,2019,Oracle India,Co-Founder & CEO,"[{""company"": ""Infosys"", ""title"": ""VP Engineering"", ""years"": ""4""}, {""company"": ""Persistent Systems"", ""title"": ""Solutions Architect"", ""years"": ""3""}, {""company"": ""Wipro"", ""title"": ""Consultant"", ""years"": ""4""}, {""company"": ""Oracle India"", ""title"": ""Co-Founder & CEO"", ""years"": ""2 (current)""}]",Research & Development|TensorFlow|GCP|Android Development|Business Analysis|Networking|Node.js,no
ALM00114,Vedant Upadhyay,basuadvik@example.org,alumni,2012–2016,Mechanical Engineering,B.E. Mechanical Engineering,2016,ThoughtWorks,DevOps Engineer,"[{""company"": ""CRED"", ""title"": ""Co-Founder & CEO"", ""years"": ""4""}, {""company"": ""ThoughtWorks"", ""title"": ""DevOps Engineer"", ""years"": ""3 (current)""}]",Python|Financial Modelling|Public Speaking|Networking|IoT,yes
ALM00115,Urmi Patla,ldoctor@example.org,alumni,2008–2012,Artificial Intelligence & Machine Learning,B.E. Computer Science & Engineering (AI/ML),2012,Unacademy,VP Engineering,"[{""company"": ""Zomato"", ""title"": ""Solutions Architect"", ""years"": ""3""}, {""company"": ""Unacademy"", ""title"": ""VP Engineering"", ""years"": ""1 (current)""}]",Pandas|Figma|Android Development|PostgreSQL|Blockchain,no
ALM00116,Udarsh Nagy,omajanagarajan@example.com,alumni,2013–2017,Data Science & Business Analytics,B.Tech Data Science & Business Analytics,2017,Razorpay,Technical Lead,"[{""company"": ""BrowserStack"", ""title"": ""Senior Consultant"", ""years"": ""4""}, {""company"": ""Razorpay"", ""title"": ""Technical Lead"", ""years"": ""2 (current)""}]",Cybersecurity|Research & Development|Embedded Systems|PostgreSQL|Docker|Networking,no
ALM00117,Kashish Dar,golaudant@example.net,alumni,2019–2023,Biotechnology,B.Tech Biotechnology,2023,Oracle India,Data Engineer,"[{""company"": ""Zoho Corporation"", ""title"": ""Research Scientist"", ""years"": ""2""}, {""company"": ""Accenture"", ""title"": ""ML Engineer"", ""years"": ""4""}, {""company"": ""Ola"", ""title"": ""Senior Consultant"", ""years"": ""1""}, {""company"": ""Oracle India"", ""title"": ""Data Engineer"", ""years"": ""2 (current)""}]",UI/UX Design|Python|React|Flask|Embedded Systems|iOS Development|Pandas,yes
ALM00118,Nandini Biswas,xmandal@example.com,alumni,2012–2016,Electronics & Communication Engineering,B.E. Electronics & Communication Engineering,2016,Zoho Corporation,Engineering Manager,"[{""company"": ""Wipro"", ""title"": ""Technical Lead"", ""years"": ""4""}, {""company"": ""Zoho Corporation"", ""title"": ""Engineering Manager"", ""years"": ""5 (current)""}]",Redis|Financial Modelling|iOS Development|JavaScript|Deep Learning|UI/UX Design|VLSI Design|NumPy,yes
ALM00119,Gabriel Shan,pillaysai@example.com,alumni,2021–2025,Civil Engineering,B.E. Civil Engineering,2025,Persistent Systems,Frontend Developer,"[{""company"": ""Wipro"", ""title"": ""Co-Founder & CEO"", ""years"": ""2""}, {""company"": ""Persistent Systems"", ""title"": ""Frontend Developer"", ""years"": ""5 (current)""}]",Product Management|C++|Azure|SQL|Figma,yes
ALM00120,Xavier Shetty,wakeeta38@example.org,alumni,2009–2013,Mechanical Engineering,B.E. Mechanical Engineering,2013,Razorpay,Technical Lead,"[{""company"": ""Meesho"", ""title"": ""Technical Lead"", ""years"": ""2""}, {""company"": ""Persistent Systems"", ""title"": ""Software Engineer"", ""years"": ""1""}, {""company"": ""Razorpay"", ""title"": ""Technical Lead"", ""years"": ""1 (current)""}]",Redis|Market Research|Cybersecurity|Android Development|GCP|Financial Modelling|MongoDB|Data Analysis,maybe
ALM00121,Abeer Rout,kaulhiral@example.net,alumni,2015–2019,Civil Engineering,B.E. Civil Engineering,2019,Meesho,Co-Founder & CTO,"[{""company"": ""PhonePe"", ""title"": ""Associate Product Manager"", ""years"": ""4""}, {""company"": ""Meesho"", ""title"": ""Co-Founder & CTO"", ""years"": ""5 (current)""}]",Cybersecurity|TypeScript|CAD/CAM|Redis,no
ALM00122,Gautami Agarwal,gmohanty@example.org,alumni,2020–2024,Electronics & Communication Engineering,B.E. Electronics & Communication Engineering,2024,LTIMindtree,Full Stack Developer,"[{""company"": ""PhonePe"", ""title"": ""Research Scientist"", ""years"": ""4""}, {""company"": ""ThoughtWorks"", ""title"": ""DevOps Engineer"", ""years"": ""3""}, {""company"": ""Sigmoid"", ""title"": ""Research Scientist"", ""years"": ""1""}, {""company"": ""LTIMindtree"", ""title"": ""Full Stack Developer"", ""years"": ""4 (current)""}]",PostgreSQL|TypeScript|TensorFlow|UI/UX Design,yes
ALM00123,Oni Swamy,dharati@example.org,alumni,2020–2024,Civil Engineering,B.E. Civil Engineering,2024,Zomato,Solutions Architect,"[{""company"": ""Persistent Systems"", ""title"": ""Senior Consultant"", ""years"": ""1""}, {""company"": ""PhonePe"", ""title"": ""DevOps Engineer"", ""years"": ""3""}, {""company"": ""Zomato"", ""title"": ""Solutions Architect"", ""years"": ""1 (current)""}]",Product Management|Public Speaking|AWS|TypeScript|Cybersecurity|Deep Learning|Embedded Systems,no
ALM00124,Vincent Venkatesh,dpradhan@example.net,alumni,2011–2015,Electrical Engineering,B.E. Electrical Engineering,2015,Razorpay,Associate Product Manager,"[{""company"": ""Amazon India"", ""title"": ""Business Analyst"", ""years"": ""2""}, {""company"": ""Freshworks"", ""title"": ""DevOps Engineer"", ""years"": ""3""}, {""company"": ""Flipkart"", ""title"": ""DevOps Engineer"", ""years"": ""2""}, {""company"": ""Razorpay"", ""title"": ""Associate Product Manager"", ""years"": ""2 (current)""}]",GCP|Flask|Node.js|Django|React|Product Management|Agile|VLSI Design,maybe
ALM00125,Girish Tiwari,meeraborde@example.net,alumni,2020–2024,Computer Science & Engineering,B.E. Computer Science & Engineering,2024,Wipro,Business Analyst,"[{""company"": ""Zomato"", ""title"": ""Business Analyst"", ""years"": ""3""}, {""company"": ""Mphasis"", ""title"": ""Associate Product Manager"", ""years"": ""3""}, {""company"": ""Wipro"", ""title"": ""Business Analyst"", ""years"": ""4 (current)""}]",Technical Writing|Networking|FastAPI|JavaScript|IoT,no
ALM00126,Radhika De,bishakhalal@example.com,alumni,2016–2020,Chemical Engineering,B.E. Chemical Engineering,2020,Wipro,Consultant,"[{""company"": ""Meesho"", ""title"": ""Associate Product Manager"", ""years"": ""4""}, {""company"": ""IBM India"", ""title"": ""Consultant"", ""years"": ""4""}, {""company"": ""Wipro"", ""title"": ""Consultant"", ""years"": ""3 (current)""}]",Python|Product Management|Computer Vision|TensorFlow,maybe
ALM00127,Eta Nadkarni,omagar@example.org,alumni,2013–2017,Electronics & Communication Engineering,B.E. Electronics & Communication Engineering,2017,BYJU'S,Co-Founder & CEO,"[{""company"": ""Google India"", ""title"": ""Senior Consultant"", ""years"": ""3""}, {""company"": ""Freshworks"", ""title"": ""Full Stack Developer"", ""years"": ""4""}, {""company"": ""BYJU'S"", ""title"": ""Co-Founder & CEO"", ""years"": ""5 (current)""}]",Azure|Deep Learning|VLSI Design|Pandas|Computer Vision|scikit-learn,maybe
ALM00128,Laban Chopra,hiteshgala@example.com,alumni,2013–2017,Electrical Engineering,B.E. Electrical Engineering,2017,Meesho,Full Stack Developer,"[{""company"": ""Google India"", ""title"": ""Co-Founder & CTO"", ""years"": ""2""}, {""company"": ""Zoho Corporation"", ""title"": ""Data Engineer"", ""years"": ""3""}, {""company"": ""Meesho"", ""title"": ""Full Stack Developer"", ""years"": ""2 (current)""}]",Pandas|TensorFlow|Natural Language Processing|Flask|Market Research|Embedded Systems|Python|Deep Learning,no
ALM00129,Dipta Ray,wasonishita@example.org,alumni,2010–2014,Chemical Engineering,B.E. Chemical Engineering,2014,Persistent Systems,Senior Consultant,"[{""company"": ""Zomato"", ""title"": ""Business Analyst"", ""years"": ""3""}, {""company"": ""PhonePe"", ""title"": ""Senior Consultant"", ""years"": ""1""}, {""company"": ""Meesho"", ""title"": ""Data Engineer"", ""years"": ""2""}, {""company"": ""Persistent Systems"", ""title"": ""Senior Consultant"", ""years"": ""1 (current)""}]",PostgreSQL|Embedded Systems|UI/UX Design|Node.js|NumPy,maybe
ALM00130,Darika Sheth,jagdish12@example.net,alumni,2012–2016,Electrical Engineering,B.E. Electrical Engineering,2016,BYJU'S,Engineering Manager,"[{""company"": ""PhonePe"", ""title"": ""Engineering Manager"", ""years"": ""1""}, {""company"": ""BrowserStack"", ""title"": ""Data Engineer"", ""years"": ""3""}, {""company"": ""Amazon India"", ""title"": ""Co-Founder & CTO"", ""years"": ""2""}, {""company"": ""BYJU'S"", ""title"": ""Engineering Manager"", ""years"": ""3 (current)""}]",Kubernetes|Product Management|CAD/CAM|VLSI Design|NumPy|React,no
ALM00131,Banjeet Kale,manbir13@example.com,alumni,2012–2016,Data Science & Business Analytics,B.Tech Data Science & Business Analytics,2016,Sigmoid,VP Engineering,"[{""company"": ""Microsoft India"", ""title"": ""VP Engineering"", ""years"": ""3""}, {""company"": ""Sigmoid"", ""title"": ""VP Engineering"", ""years"": ""4 (current)""}]",Networking|PyTorch|TypeScript|React|Machine Learning|AWS|Data Analysis|Kubernetes,no
ALM00132,Yochana Bawa,abha20@example.com,alumni,2019–2023,Information Technology,B.Tech Information Technology,2023,Razorpay,Co-Founder & CEO,"[{""company"": ""Meesho"", ""title"": ""Full Stack Developer"", ""years"": ""4""}, {""company"": ""BYJU'S"", ""title"": ""Co-Founder & CTO"", ""years"": ""4""}, {""company"": ""BrowserStack"", ""title"": ""Associate Product Manager"", ""years"": ""2""}, {""company"": ""Razorpay"", ""title"": ""Co-Founder & CEO"", ""years"": ""1 (current)""}]",Market Research|SQL|Agile|PostgreSQL|Public Speaking,maybe
ALM00133,Zaid Chandra,zchaudry@example.org,alumni,2011–2015,Electronics & Communication Engineering,B.E. Electronics & Communication Engineering,2015,Microsoft India,Technical Lead,"[{""company"": ""Accenture"", ""title"": ""Data Scientist"", ""years"": ""4""}, {""company"": ""Microsoft India"", ""title"": ""Technical Lead"", ""years"": ""5 (current)""}]",Java|Research & Development|PyTorch|IoT,yes
ALM00134,Advik Bhatia,kalpithora@example.com,alumni,2012–2016,Electronics & Communication Engineering,B.E. Electronics & Communication Engineering,2016,SAP Labs India,Data Scientist,"[{""company"": ""Unacademy"", ""title"": ""Frontend Developer"", ""years"": ""2""}, {""company"": ""Freshworks"", ""title"": ""Frontend Developer"", ""years"": ""4""}, {""company"": ""Oracle India"", ""title"": ""Product Manager"", ""years"": ""2""}, {""company"": ""SAP Labs India"", ""title"": ""Data Scientist"", ""years"": ""1 (current)""}]",Agile|GCP|Kubernetes|Embedded Systems,no
ALM00135,Frado Lad,bainsdhruv@example.org,alumni,2012–2016,Artificial Intelligence & Machine Learning,B.E. Computer Science & Engineering (AI/ML),2016,HashedIn,Product Manager,"[{""company"": ""Google India"", ""title"": ""Co-Founder & CTO"", ""years"": ""4""}, {""company"": ""Postman"", ""title"": ""Consultant"", ""years"": ""3""}, {""company"": ""Paytm"", ""title"": ""Business Analyst"", ""years"": ""2""}, {""company"": ""HashedIn"", ""title"": ""Product Manager"", ""years"": ""1 (current)""}]",Docker|Azure|scikit-learn|PostgreSQL|Flask|Research & Development|Python,yes
ALM00136,Kabir Chanda,jason07@example.org,alumni,2021–2025,Artificial Intelligence & Machine Learning,B.E. Computer Science & Engineering (AI/ML),2025,Oracle India,Engineering Manager,"[{""company"": ""ThoughtWorks"", ""title"": ""Senior Consultant"", ""years"": ""1""}, {""company"": ""Mphasis"", ""title"": ""Business Analyst"", ""years"": ""3""}, {""company"": ""Oracle India"", ""title"": ""Engineering Manager"", ""years"": ""1 (current)""}]",Redis|iOS Development|Data Analysis|Python|Cybersecurity|Azure|Natural Language Processing,no
ALM00137,Rachita Rana,ybalan@example.net,alumni,2014–2018,Artificial Intelligence & Machine Learning,B.E. Computer Science & Engineering (AI/ML),2018,Meesho,DevOps Engineer,"[{""company"": ""Unacademy"", ""title"": ""Technical Lead"", ""years"": ""2""}, {""company"": ""Meesho"", ""title"": ""DevOps Engineer"", ""years"": ""3 (current)""}]",Pandas|UI/UX Design|SQL|IoT,maybe
ALM00138,Orinder Pandya,rachitmaharaj@example.com,alumni,2012–2016,Information Technology,B.Tech Information Technology,2016,Razorpay,Solutions Architect,"[{""company"": ""Tech Mahindra"", ""title"": ""Associate Product Manager"", ""years"": ""2""}, {""company"": ""Razorpay"", ""title"": ""Solutions Architect"", ""years"": ""3 (current)""}]",UI/UX Design|OpenCV|Flutter|NumPy,no
ALM00139,Manthan Banerjee,chakrikatara@example.com,alumni,2015–2019,Data Science & Business Analytics,B.Tech Data Science & Business Analytics,2019,Amazon India,Backend Developer,"[{""company"": ""SAP Labs India"", ""title"": ""Senior Software Engineer"", ""years"": ""1""}, {""company"": ""Amazon India"", ""title"": ""Backend Developer"", ""years"": ""2 (current)""}]",Redis|MongoDB|FastAPI|Financial Modelling,no
ALM00140,Darsh Chahal,leela26@example.org,alumni,2011–2015,Computer Science & Engineering,B.E. Computer Science & Engineering,2015,Cognizant,Product Manager,"[{""company"": ""Mphasis"", ""title"": ""ML Engineer"", ""years"": ""3""}, {""company"": ""Cognizant"", ""title"": ""Product Manager"", ""years"": ""4 (current)""}]",VLSI Design|Azure|OpenCV|Business Analysis|C++|AWS,yes
ALM00141,Anirudh Raja,varsha87@example.com,alumni,2008–2012,Mechanical Engineering,B.E. Mechanical Engineering,2012,Razorpay,Technical Lead,"[{""company"": ""ThoughtWorks"", ""title"": ""Associate Product Manager"", ""years"": ""2""}, {""company"": ""Razorpay"", ""title"": ""Technical Lead"", ""years"": ""3 (current)""}]",Python|Django|Financial Modelling|SQL|TensorFlow|NumPy|Market Research,maybe
ALM00142,Lipika Madan,atharvnagar@example.net,alumni,2011–2015,Computer Science & Engineering,B.E. Computer Science & Engineering,2015,Sigmoid,Data Engineer,"[{""company"": ""Flipkart"", ""title"": ""Business Analyst"", ""years"": ""4""}, {""company"": ""Swiggy"", ""title"": ""Backend Developer"", ""years"": ""2""}, {""company"": ""Wipro"", ""title"": ""Senior Consultant"", ""years"": ""1""}, {""company"": ""Sigmoid"", ""title"": ""Data Engineer"", ""years"": ""3 (current)""}]",UI/UX Design|Docker|Natural Language Processing|Azure|JavaScript|Agile|Computer Vision,yes
ALM00143,Ayushman Mand,sodhiishita@example.net,alumni,2018–2022,Civil Engineering,B.E. Civil Engineering,2022,Postman,Backend Developer,"[{""company"": ""Microsoft India"", ""title"": ""Full Stack Developer"", ""years"": ""1""}, {""company"": ""Postman"", ""title"": ""Backend Developer"", ""years"": ""4 (current)""}]",Python|C++|Android Development|Business Analysis|Embedded Systems,maybe
ALM00144,Nathaniel Chaudhry,wrideshlata@example.net,alumni,2010–2014,Data Science & Business Analytics,B.Tech Data Science & Business Analytics,2014,BYJU'S,Data Scientist,"[{""company"": ""Microsoft India"", ""title"": ""Business Analyst"", ""years"": ""1""}, {""company"": ""BYJU'S"", ""title"": ""Data Scientist"", ""years"": ""5 (current)""}]",Technical Writing|UI/UX Design|JavaScript|Public Speaking|GCP|Figma,yes
ALM00145,Theodore Rama,oscar23@example.net,alumni,2020–2024,Artificial Intelligence & Machine Learning,B.E. Computer Science & Engineering (AI/ML),2024,Accenture,Product Manager,"[{""company"": ""Zoho Corporation"", ""title"": ""Backend Developer"", ""years"": ""3""}, {""company"": ""HashedIn"", ""title"": ""ML Engineer"", ""years"": ""1""}, {""company"": ""Accenture"", ""title"": ""Product Manager"", ""years"": ""4 (current)""}]",Market Research|FastAPI|PostgreSQL|C++|VLSI Design|NumPy,maybe
ALM00146,Jagrati Bala,lucky93@example.com,alumni,2016–2020,Information Technology,B.Tech Information Technology,2020,Mphasis,ML Engineer,"[{""company"": ""Google India"", ""title"": ""Senior Consultant"", ""years"": ""3""}, {""company"": ""Zomato"", ""title"": ""Research Scientist"", ""years"": ""3""}, {""company"": ""Microsoft India"", ""title"": ""Data Scientist"", ""years"": ""2""}, {""company"": ""Mphasis"", ""title"": ""ML Engineer"", ""years"": ""4 (current)""}]",PostgreSQL|Blockchain|Azure|OpenCV|Python|UI/UX Design,maybe
ALM00147,Parth Swaminathan,chanadaksh@example.org,alumni,2019–2023,Biotechnology,B.Tech Biotechnology,2023,Google India,Software Engineer,"[{""company"": ""BYJU'S"", ""title"": ""Co-Founder & CEO"", ""years"": ""2""}, {""company"": ""Zomato"", ""title"": ""Data Scientist"", ""years"": ""4""}, {""company"": ""Amazon India"", ""title"": ""Consultant"", ""years"": ""4""}, {""company"": ""Google India"", ""title"": ""Software Engineer"", ""years"": ""5 (current)""}]",Flutter|Redis|Kubernetes|scikit-learn|Figma,no
ALM00148,Anmol Vyas,vacharya@example.net,alumni,2009–2013,Electronics & Communication Engineering,B.E. Electronics & Communication Engineering,2013,Persistent Systems,Data Scientist,"[{""company"": ""Oracle India"", ""title"": ""Associate Product Manager"", ""years"": ""1""}, {""company"": ""Persistent Systems"", ""title"": ""Data Scientist"", ""years"": ""2 (current)""}]",VLSI Design|Natural Language Processing|Node.js|C++,maybe
ALM00149,Kalpit Oak,ekiyabhargava@example.org,alumni,2018–2022,Biotechnology,B.Tech Biotechnology,2022,Mphasis,Consultant,"[{""company"": ""PhonePe"", ""title"": ""Senior Software Engineer"", ""years"": ""3""}, {""company"": ""Zoho Corporation"", ""title"": ""Co-Founder & CEO"", ""years"": ""1""}, {""company"": ""Infosys"", ""title"": ""ML Engineer"", ""years"": ""4""}, {""company"": ""Mphasis"", ""title"": ""Consultant"", ""years"": ""1 (current)""}]",UI/UX Design|JavaScript|Azure|Cybersecurity|scikit-learn|Public Speaking|Technical Writing,maybe
ALM00150,Lucky Choudhry,elijah56@example.net,alumni,2016–2020,Information Technology,B.Tech Information Technology,2020,Wipro,Data Scientist,"[{""company"": ""Tech Mahindra"", ""title"": ""ML Engineer"", ""years"": ""1""}, {""company"": ""Accenture"", ""title"": ""DevOps Engineer"", ""years"": ""4""}, {""company"": ""Wipro"", ""title"": ""Data Scientist"", ""years"": ""2 (current)""}]",IoT|Agile|SQL|Networking|UI/UX Design,yes
ALM00151,Gayathri Mittal,laban26@example.net,alumni,2019–2023,Artificial Intelligence & Machine Learning,B.E. Computer Science & Engineering (AI/ML),2023,BrowserStack,Data Engineer,"[{""company"": ""Paytm"", ""title"": ""Research Scientist"", ""years"": ""4""}, {""company"": ""Accenture"", ""title"": ""Associate Product Manager"", ""years"": ""2""}, {""company"": ""Meesho"", ""title"": ""Consultant"", ""years"": ""3""}, {""company"": ""BrowserStack"", ""title"": ""Data Engineer"", ""years"": ""2 (current)""}]",iOS Development|NumPy|GCP|Kubernetes|Cybersecurity|Market Research|Azure|scikit-learn,maybe
ALM00152,Edhitha Ghosh,udant92@example.com,alumni,2021–2025,Biotechnology,B.Tech Biotechnology,2025,Zomato,Co-Founder & CEO,"[{""company"": ""Flipkart"", ""title"": ""Technical Lead"", ""years"": ""3""}, {""company"": ""Zomato"", ""title"": ""Co-Founder & CEO"", ""years"": ""3 (current)""}]",NumPy|PyTorch|Python|Market Research|C++|Redis|iOS Development,yes
ALM00153,Chaitaly Datta,aaravraman@example.net,alumni,2010–2014,Artificial Intelligence & Machine Learning,B.E. Computer Science & Engineering (AI/ML),2014,Swiggy,Software Engineer,"[{""company"": ""Zoho Corporation"", ""title"": ""ML Engineer"", ""years"": ""3""}, {""company"": ""TCS"", ""title"": ""Full Stack Developer"", ""years"": ""2""}, {""company"": ""Swiggy"", ""title"": ""Software Engineer"", ""years"": ""1 (current)""}]",OpenCV|GCP|Flask|FastAPI,no
ALM00154,Qabil Nadkarni,hemangtaneja@example.org,alumni,2017–2021,Electrical Engineering,B.E. Electrical Engineering,2021,Freshworks,DevOps Engineer,"[{""company"": ""Swiggy"", ""title"": ""Data Scientist"", ""years"": ""4""}, {""company"": ""Flipkart"", ""title"": ""Data Scientist"", ""years"": ""3""}, {""company"": ""Freshworks"", ""title"": ""DevOps Engineer"", ""years"": ""4 (current)""}]",VLSI Design|Business Analysis|Networking|Node.js|iOS Development,maybe
ALM00155,Faras Khanna,ekaja21@example.net,alumni,2008–2012,Information Technology,B.Tech Information Technology,2012,Unacademy,Data Scientist,"[{""company"": ""Ola"", ""title"": ""Engineering Manager"", ""years"": ""4""}, {""company"": ""Unacademy"", ""title"": ""Data Scientist"", ""years"": ""4 (current)""}]",Research & Development|Data Analysis|Public Speaking|Figma,maybe
ALM00156,Sanya Apte,shaurya31@example.com,alumni,2018–2022,Computer Science & Engineering,B.E. Computer Science & Engineering,2022,Unacademy,Senior Software Engineer,"[{""company"": ""Persistent Systems"", ""title"": ""Senior Software Engineer"", ""years"": ""3""}, {""company"": ""SAP Labs India"", ""title"": ""Backend Developer"", ""years"": ""2""}, {""company"": ""Unacademy"", ""title"": ""Senior Software Engineer"", ""years"": ""2 (current)""}]",Product Management|Market Research|PyTorch|NumPy,maybe
ALM00157,Hritik Agarwal,rajuraksha@example.net,alumni,2016–2020,Data Science & Business Analytics,B.Tech Data Science & Business Analytics,2020,Cognizant,DevOps Engineer,"[{""company"": ""CRED"", ""title"": ""Technical Lead"", ""years"": ""2""}, {""company"": ""Oracle India"", ""title"": ""Backend Developer"", ""years"": ""1""}, {""company"": ""Cognizant"", ""title"": ""DevOps Engineer"", ""years"": ""4 (current)""}]",Public Speaking|JavaScript|Cybersecurity|PyTorch|PostgreSQL|React|Market Research|CAD/CAM,no
ALM00158,Ojas Sachdev,wradhakrishnan@example.net,alumni,2020–2024,Mechanical Engineering,B.E. Mechanical Engineering,2024,Oracle India,Business Analyst,"[{""company"": ""Amazon India"", ""title"": ""Business Analyst"", ""years"": ""4""}, {""company"": ""Amazon India"", ""title"": ""Senior Consultant"", ""years"": ""2""}, {""company"": ""Freshworks"", ""title"": ""Data Scientist"", ""years"": ""3""}, {""company"": ""Oracle India"", ""title"": ""Business Analyst"", ""years"": ""4 (current)""}]",Product Management|Networking|React|Django|Agile|scikit-learn,no
ALM00159,Harrison Srinivas,nicholasseth@example.org,alumni,2013–2017,Electrical Engineering,B.E. Electrical Engineering,2017,Amazon India,Backend Developer,"[{""company"": ""TCS"", ""title"": ""Frontend Developer"", ""years"": ""2""}, {""company"": ""Paytm"", ""title"": ""Co-Founder & CEO"", ""years"": ""4""}, {""company"": ""Amazon India"", ""title"": ""Backend Developer"", ""years"": ""5 (current)""}]",NumPy|C++|Data Analysis|Natural Language Processing|Product Management,no
ALM00160,Chaitaly Bahri,advika11@example.com,alumni,2020–2024,Mechanical Engineering,B.E. Mechanical Engineering,2024,Cognizant,Data Engineer,"[{""company"": ""HCL Technologies"", ""title"": ""DevOps Engineer"", ""years"": ""2""}, {""company"": ""CRED"", ""title"": ""Software Engineer"", ""years"": ""3""}, {""company"": ""IBM India"", ""title"": ""Frontend Developer"", ""years"": ""4""}, {""company"": ""Cognizant"", ""title"": ""Data Engineer"", ""years"": ""4 (current)""}]",AWS|Computer Vision|Public Speaking|Blockchain,yes
ALM00161,Keya Dyal,chanderhamsini@example.net,alumni,2016–2020,Civil Engineering,B.E. Civil Engineering,2020,Persistent Systems,Full Stack Developer,"[{""company"": ""ThoughtWorks"", ""title"": ""Co-Founder & CEO"", ""years"": ""2""}, {""company"": ""TCS"", ""title"": ""Technical Lead"", ""years"": ""1""}, {""company"": ""PhonePe"", ""title"": ""Associate Product Manager"", ""years"": ""1""}, {""company"": ""Persistent Systems"", ""title"": ""Full Stack Developer"", ""years"": ""3 (current)""}]",Business Analysis|Flutter|MongoDB|JavaScript|OpenCV,maybe
ALM00162,Azaan Sankar,radhadugar@example.org,alumni,2009–2013,Computer Science & Engineering,B.E. Computer Science & Engineering,2013,Unacademy,Full Stack Developer,"[{""company"": ""BYJU'S"", ""title"": ""Data Engineer"", ""years"": ""1""}, {""company"": ""CRED"", ""title"": ""VP Engineering"", ""years"": ""4""}, {""company"": ""Zoho Corporation"", ""title"": ""Technical Lead"", ""years"": ""1""}, {""company"": ""Unacademy"", ""title"": ""Full Stack Developer"", ""years"": ""3 (current)""}]",iOS Development|Blockchain|React|Deep Learning|Natural Language Processing|CAD/CAM|OpenCV,maybe
ALM00163,Garima Jha,nimratzachariah@example.com,alumni,2008–2012,Computer Science & Engineering,B.E. Computer Science & Engineering,2012,Freshworks,Consultant,"[{""company"": ""Ola"", ""title"": ""Business Analyst"", ""years"": ""4""}, {""company"": ""Microsoft India"", ""title"": ""Software Engineer"", ""years"": ""3""}, {""company"": ""Freshworks"", ""title"": ""Consultant"", ""years"": ""3 (current)""}]",UI/UX Design|Docker|SQL|CAD/CAM|MongoDB|JavaScript,maybe
ALM00164,Chameli Khanna,bawamaya@example.net,alumni,2014–2018,Information Technology,B.Tech Information Technology,2018,TCS,Senior Consultant,"[{""company"": ""Zoho Corporation"", ""title"": ""Product Manager"", ""years"": ""3""}, {""company"": ""Meesho"", ""title"": ""Product Manager"", ""years"": ""1""}, {""company"": ""TCS"", ""title"": ""Senior Consultant"", ""years"": ""4 (current)""}]",Product Management|Flutter|UI/UX Design|Research & Development|Data Analysis|scikit-learn|SQL|Networking,yes
ALM00165,Mitesh Bhagat,aarush61@example.com,alumni,2012–2016,Biotechnology,B.Tech Biotechnology,2016,Ola,Research Scientist,"[{""company"": ""Oracle India"", ""title"": ""ML Engineer"", ""years"": ""2""}, {""company"": ""Amazon India"", ""title"": ""Product Manager"", ""years"": ""3""}, {""company"": ""Persistent Systems"", ""title"": ""Product Manager"", ""years"": ""4""}, {""company"": ""Ola"", ""title"": ""Research Scientist"", ""years"": ""2 (current)""}]",Machine Learning|Kubernetes|TypeScript|Cybersecurity|Blockchain|Django|Deep Learning|Technical Writing,yes
ALM00166,Ryan Chatterjee,jhaverionkar@example.net,alumni,2020–2024,Computer Science & Engineering,B.E. Computer Science & Engineering,2024,Zomato,Solutions Architect,"[{""company"": ""Swiggy"", ""title"": ""Research Scientist"", ""years"": ""3""}, {""company"": ""SAP Labs India"", ""title"": ""ML Engineer"", ""years"": ""1""}, {""company"": ""Zomato"", ""title"": ""Solutions Architect"", ""years"": ""2 (current)""}]",Java|Technical Writing|Flutter|MongoDB|iOS Development,maybe
ALM00167,Finn Solanki,morarmitali@example.com,alumni,2011–2015,Data Science & Business Analytics,B.Tech Data Science & Business Analytics,2015,Zoho Corporation,DevOps Engineer,"[{""company"": ""TCS"", ""title"": ""Engineering Manager"", ""years"": ""1""}, {""company"": ""ThoughtWorks"", ""title"": ""Product Manager"", ""years"": ""4""}, {""company"": ""BYJU'S"", ""title"": ""Associate Product Manager"", ""years"": ""4""}, {""company"": ""Zoho Corporation"", ""title"": ""DevOps Engineer"", ""years"": ""4 (current)""}]",FastAPI|Machine Learning|Natural Language Processing|Data Analysis|C++|scikit-learn|Python,no
ALM00168,Alka Chand,xgoyal@example.com,alumni,2011–2015,Biotechnology,B.Tech Biotechnology,2015,Amazon India,ML Engineer,"[{""company"": ""Google India"", ""title"": ""Research Scientist"", ""years"": ""4""}, {""company"": ""Amazon India"", ""title"": ""ML Engineer"", ""years"": ""3 (current)""}]",SQL|Pandas|PyTorch|C++|iOS Development|TensorFlow|Kubernetes,no
ALM00169,Rachit Sehgal,lallria@example.com,alumni,2019–2023,Data Science & Business Analytics,B.Tech Data Science & Business Analytics,2023,Persistent Systems,VP Engineering,"[{""company"": ""Wipro"", ""title"": ""Consultant"", ""years"": ""1""}, {""company"": ""HashedIn"", ""title"": ""Research Scientist"", ""years"": ""1""}, {""company"": ""Freshworks"", ""title"": ""Consultant"", ""years"": ""4""}, {""company"": ""Persistent Systems"", ""title"": ""VP Engineering"", ""years"": ""1 (current)""}]",TensorFlow|IoT|UI/UX Design|JavaScript|Natural Language Processing|Redis|NumPy|PyTorch,no
ALM00170,Upkaar Luthra,doragunbir@example.org,alumni,2015–2019,Information Technology,B.Tech Information Technology,2019,Microsoft India,Solutions Architect,"[{""company"": ""HCL Technologies"", ""title"": ""Consultant"", ""years"": ""2""}, {""company"": ""Sigmoid"", ""title"": ""VP Engineering"", ""years"": ""4""}, {""company"": ""Microsoft India"", ""title"": ""Solutions Architect"", ""years"": ""1 (current)""}]",Django|Deep Learning|Android Development|Business Analysis|Blockchain|FastAPI|PyTorch|scikit-learn,no
ALM00171,Odika Karan,ramomya@example.net,alumni,2008–2012,Chemical Engineering,B.E. Chemical Engineering,2012,Google India,Research Scientist,"[{""company"": ""Amazon India"", ""title"": ""Research Scientist"", ""years"": ""1""}, {""company"": ""PhonePe"", ""title"": ""Backend Developer"", ""years"": ""2""}, {""company"": ""IBM India"", ""title"": ""Data Scientist"", ""years"": ""1""}, {""company"": ""Google India"", ""title"": ""Research Scientist"", ""years"": ""4 (current)""}]",React|IoT|Financial Modelling|TensorFlow|CAD/CAM|Flutter,yes
ALM00172,Warinder Soni,farhan60@example.net,alumni,2016–2020,Biotechnology,B.Tech Biotechnology,2020,Unacademy,Senior Software Engineer,"[{""company"": ""Ola"", ""title"": ""Co-Founder & CTO"", ""years"": ""2""}, {""company"": ""Unacademy"", ""title"": ""Senior Software Engineer"", ""years"": ""2 (current)""}]",Deep Learning|Research & Development|Financial Modelling|JavaScript|scikit-learn,no
ALM00173,Jai Sen,oliverkakar@example.org,alumni,2019–2023,Information Technology,B.Tech Information Technology,2023,HashedIn,Frontend Developer,"[{""company"": ""Google India"", ""title"": ""Data Engineer"", ""years"": ""2""}, {""company"": ""Amazon India"", ""title"": ""Software Engineer"", ""years"": ""3""}, {""company"": ""Infosys"", ""title"": ""Research Scientist"", ""years"": ""4""}, {""company"": ""HashedIn"", ""title"": ""Frontend Developer"", ""years"": ""4 (current)""}]",Python|iOS Development|VLSI Design|SQL|Computer Vision|Android Development|Agile|Embedded Systems,no
ALM00174,Brijesh Sampath,saransaksham@example.net,alumni,2015–2019,Biotechnology,B.Tech Biotechnology,2019,Cognizant,Co-Founder & CEO,"[{""company"": ""Infosys"", ""title"": ""DevOps Engineer"", ""years"": ""3""}, {""company"": ""Flipkart"", ""title"": ""Senior Software Engineer"", ""years"": ""2""}, {""company"": ""SAP Labs India"", ""title"": ""Senior Software Engineer"", ""years"": ""3""}, {""company"": ""Cognizant"", ""title"": ""Co-Founder & CEO"", ""years"": ""1 (current)""}]",C++|Agile|Networking|iOS Development|Docker,no
ALM00175,Aarna Nagarajan,chahallipika@example.net,alumni,2008–2012,Electronics & Communication Engineering,B.E. Electronics & Communication Engineering,2012,Accenture,Solutions Architect,"[{""company"": ""Microsoft India"", ""title"": ""Frontend Developer"", ""years"": ""2""}, {""company"": ""Accenture"", ""title"": ""Solutions Architect"", ""years"": ""4 (current)""}]",Azure|C++|React|Docker|Kubernetes|Research & Development|TensorFlow|TypeScript,no
ALM00176,Eshana Majumdar,yarora@example.net,alumni,2009–2013,Artificial Intelligence & Machine Learning,B.E. Computer Science & Engineering (AI/ML),2013,CRED,Business Analyst,"[{""company"": ""IBM India"", ""title"": ""Full Stack Developer"", ""years"": ""3""}, {""company"": ""CRED"", ""title"": ""Business Analyst"", ""years"": ""5 (current)""}]",IoT|Computer Vision|Business Analysis|Technical Writing|Flutter|JavaScript|Node.js,maybe
ALM00177,Isaiah Sachdeva,manbirchaudhry@example.org,alumni,2009–2013,Artificial Intelligence & Machine Learning,B.E. Computer Science & Engineering (AI/ML),2013,ThoughtWorks,Co-Founder & CEO,"[{""company"": ""CRED"", ""title"": ""Solutions Architect"", ""years"": ""3""}, {""company"": ""PhonePe"", ""title"": ""Consultant"", ""years"": ""3""}, {""company"": ""Oracle India"", ""title"": ""Co-Founder & CEO"", ""years"": ""4""}, {""company"": ""ThoughtWorks"", ""title"": ""Co-Founder & CEO"", ""years"": ""5 (current)""}]",VLSI Design|Deep Learning|Flutter|Data Analysis|Financial Modelling|Redis|Natural Language Processing,yes
ALM00178,Bhavika Wason,nirja46@example.net,alumni,2008–2012,Electronics & Communication Engineering,B.E. Electronics & Communication Engineering,2012,Sigmoid,VP Engineering,"[{""company"": ""Flipkart"", ""title"": ""Co-Founder & CEO"", ""years"": ""4""}, {""company"": ""Sigmoid"", ""title"": ""VP Engineering"", ""years"": ""4 (current)""}]",AWS|GCP|Cybersecurity|UI/UX Design,yes
ALM00179,Urvashi Barad,anyarau@example.org,alumni,2018–2022,Computer Science & Engineering,B.E. Computer Science & Engineering,2022,Amazon India,Frontend Developer,"[{""company"": ""Tech Mahindra"", ""title"": ""Frontend Developer"", ""years"": ""3""}, {""company"": ""LTIMindtree"", ""title"": ""Senior Consultant"", ""years"": ""3""}, {""company"": ""Amazon India"", ""title"": ""Frontend Developer"", ""years"": ""1 (current)""}]",Product Management|AWS|PyTorch|Market Research,maybe
ALM00180,Balvan Randhawa,wazir07@example.com,alumni,2008–2012,Data Science & Business Analytics,B.Tech Data Science & Business Analytics,2012,Google India,ML Engineer,"[{""company"": ""Ola"", ""title"": ""Business Analyst"", ""years"": ""4""}, {""company"": ""Wipro"", ""title"": ""VP Engineering"", ""years"": ""2""}, {""company"": ""Google India"", ""title"": ""ML Engineer"", ""years"": ""4 (current)""}]",UI/UX Design|OpenCV|Blockchain|AWS|scikit-learn,maybe
ALM00181,Anmol Nazareth,deepa47@example.net,alumni,2021–2025,Computer Science & Engineering,B.E. Computer Science & Engineering,2025,Persistent Systems,Frontend Developer,"[{""company"": ""Zomato"", ""title"": ""Senior Consultant"", ""years"": ""1""}, {""company"": ""Flipkart"", ""title"": ""Co-Founder & CTO"", ""years"": ""3""}, {""company"": ""Paytm"", ""title"": ""Data Scientist"", ""years"": ""2""}, {""company"": ""Persistent Systems"", ""title"": ""Frontend Developer"", ""years"": ""3 (current)""}]",AWS|TensorFlow|UI/UX Design|Blockchain,yes
ALM00182,Vedant Desai,saanvi54@example.net,alumni,2017–2021,Data Science & Business Analytics,B.Tech Data Science & Business Analytics,2021,Unacademy,Associate Product Manager,"[{""company"": ""IBM India"", ""title"": ""Frontend Developer"", ""years"": ""3""}, {""company"": ""Wipro"", ""title"": ""Full Stack Developer"", ""years"": ""4""}, {""company"": ""Cognizant"", ""title"": ""Business Analyst"", ""years"": ""2""}, {""company"": ""Unacademy"", ""title"": ""Associate Product Manager"", ""years"": ""3 (current)""}]",Docker|Computer Vision|IoT|Research & Development|Deep Learning|Django|Azure,yes
ALM00183,Gaurav Guha,akakar@example.net,alumni,2009–2013,Civil Engineering,B.E. Civil Engineering,2013,HashedIn,Consultant,"[{""company"": ""ThoughtWorks"", ""title"": ""Consultant"", ""years"": ""2""}, {""company"": ""HashedIn"", ""title"": ""Consultant"", ""years"": ""2 (current)""}]",Embedded Systems|Market Research|IoT|Docker|Kubernetes|Flask,yes
ALM00184,Zaitra Prakash,varmanathan@example.org,alumni,2018–2022,Artificial Intelligence & Machine Learning,B.E. Computer Science & Engineering (AI/ML),2022,Oracle India,ML Engineer,"[{""company"": ""Wipro"", ""title"": ""Research Scientist"", ""years"": ""4""}, {""company"": ""Persistent Systems"", ""title"": ""Data Engineer"", ""years"": ""1""}, {""company"": ""Swiggy"", ""title"": ""Senior Software Engineer"", ""years"": ""1""}, {""company"": ""Oracle India"", ""title"": ""ML Engineer"", ""years"": ""3 (current)""}]",C++|Node.js|IoT|Agile|Docker|Java|Networking,no
ALM00185,Yashawini Raval,ayushghose@example.org,alumni,2013–2017,Civil Engineering,B.E. Civil Engineering,2017,Amazon India,ML Engineer,"[{""company"": ""Razorpay"", ""title"": ""Senior Consultant"", ""years"": ""3""}, {""company"": ""HashedIn"", ""title"": ""Data Engineer"", ""years"": ""3""}, {""company"": ""Amazon India"", ""title"": ""ML Engineer"", ""years"": ""2 (current)""}]",MongoDB|Django|Python|Flutter|Cybersecurity,maybe
ALM00186,Dalbir Krish,shanchandresh@example.com,alumni,2011–2015,Electronics & Communication Engineering,B.E. Electronics & Communication Engineering,2015,Paytm,Senior Consultant,"[{""company"": ""Razorpay"", ""title"": ""Product Manager"", ""years"": ""3""}, {""company"": ""Freshworks"", ""title"": ""Associate Product Manager"", ""years"": ""1""}, {""company"": ""Paytm"", ""title"": ""Senior Consultant"", ""years"": ""3 (current)""}]",AWS|Blockchain|NumPy|JavaScript|FastAPI|Java|Embedded Systems|Market Research,yes
ALM00187,Anusha Pillay,ztiwari@example.net,alumni,2008–2012,Biotechnology,B.Tech Biotechnology,2012,Cognizant,Solutions Architect,"[{""company"": ""Google India"", ""title"": ""Co-Founder & CEO"", ""years"": ""4""}, {""company"": ""Paytm"", ""title"": ""Frontend Developer"", ""years"": ""3""}, {""company"": ""Cognizant"", ""title"": ""Solutions Architect"", ""years"": ""2 (current)""}]",React|Technical Writing|OpenCV|Networking|FastAPI|Research & Development|Public Speaking|Node.js,no
ALM00188,Azaan Khurana,vrinda97@example.org,alumni,2018–2022,Information Technology,B.Tech Information Technology,2022,Sigmoid,Business Analyst,"[{""company"": ""Zoho Corporation"", ""title"": ""Product Manager"", ""years"": ""3""}, {""company"": ""Sigmoid"", ""title"": ""Business Analyst"", ""years"": ""3 (current)""}]",Deep Learning|Business Analysis|Agile|AWS|Kubernetes|OpenCV|VLSI Design,yes
ALM00189,Inaya Padmanabhan,aarnachana@example.com,alumni,2015–2019,Electronics & Communication Engineering,B.E. Electronics & Communication Engineering,2019,IBM India,Engineering Manager,"[{""company"": ""Sigmoid"", ""title"": ""Associate Product Manager"", ""years"": ""3""}, {""company"": ""Paytm"", ""title"": ""Co-Founder & CEO"", ""years"": ""2""}, {""company"": ""IBM India"", ""title"": ""Engineering Manager"", ""years"": ""5 (current)""}]",PyTorch|Financial Modelling|Node.js|Kubernetes,maybe
ALM00190,Libni Bawa,tanishkant@example.net,alumni,2020–2024,Electronics & Communication Engineering,B.E. Electronics & Communication Engineering,2024,Swiggy,Senior Consultant,"[{""company"": ""Meesho"", ""title"": ""Co-Founder & CTO"", ""years"": ""4""}, {""company"": ""Freshworks"", ""title"": ""Co-Founder & CEO"", ""years"": ""2""}, {""company"": ""Swiggy"", ""title"": ""Senior Consultant"", ""years"": ""5 (current)""}]",Embedded Systems|TensorFlow|TypeScript|AWS|Computer Vision,maybe
ALM00191,Samuel Luthra,bvarghese@example.net,alumni,2014–2018,Data Science & Business Analytics,B.Tech Data Science & Business Analytics,2018,Postman,Co-Founder & CTO,"[{""company"": ""Freshworks"", ""title"": ""Associate Product Manager"", ""years"": ""1""}, {""company"": ""Mphasis"", ""title"": ""Data Engineer"", ""years"": ""4""}, {""company"": ""Postman"", ""title"": ""Co-Founder & CTO"", ""years"": ""3 (current)""}]",Node.js|NumPy|Deep Learning|Docker|PyTorch|TypeScript|iOS Development|Research & Development,maybe
ALM00192,Urvi Deo,abhiramkapur@example.com,alumni,2020–2024,Data Science & Business Analytics,B.Tech Data Science & Business Analytics,2024,Unacademy,Backend Developer,"[{""company"": ""HCL Technologies"", ""title"": ""Data Scientist"", ""years"": ""2""}, {""company"": ""Oracle India"", ""title"": ""Co-Founder & CTO"", ""years"": ""1""}, {""company"": ""Unacademy"", ""title"": ""Backend Developer"", ""years"": ""2 (current)""}]",NumPy|Blockchain|Redis|TensorFlow|Flutter,maybe
ALM00193,Anvi Sampath,dpalla@example.com,alumni,2011–2015,Chemical Engineering,B.E. Chemical Engineering,2015,Flipkart,Backend Developer,"[{""company"": ""Swiggy"", ""title"": ""Solutions Architect"", ""years"": ""3""}, {""company"": ""Cognizant"", ""title"": ""Co-Founder & CTO"", ""years"": ""1""}, {""company"": ""Flipkart"", ""title"": ""Backend Developer"", ""years"": ""5 (current)""}]",PyTorch|FastAPI|Redis|JavaScript|Azure|Cybersecurity|Market Research|Python,maybe
ALM00194,Unnati Mittal,achaudry@example.net,alumni,2021–2025,Artificial Intelligence & Machine Learning,B.E. Computer Science & Engineering (AI/ML),2025,Paytm,Data Engineer,"[{""company"": ""TCS"", ""title"": ""DevOps Engineer"", ""years"": ""4""}, {""company"": ""Meesho"", ""title"": ""VP Engineering"", ""years"": ""3""}, {""company"": ""Paytm"", ""title"": ""Data Engineer"", ""years"": ""4 (current)""}]",TensorFlow|Pandas|Blockchain|Computer Vision|Agile|Deep Learning|Embedded Systems,yes
ALM00195,Barkha Misra,subramaniamdevansh@example.com,alumni,2016–2020,Civil Engineering,B.E. Civil Engineering,2020,Unacademy,Engineering Manager,"[{""company"": ""SAP Labs India"", ""title"": ""Frontend Developer"", ""years"": ""2""}, {""company"": ""Oracle India"", ""title"": ""Software Engineer"", ""years"": ""1""}, {""company"": ""Unacademy"", ""title"": ""Engineering Manager"", ""years"": ""1 (current)""}]",Market Research|VLSI Design|Agile|Pandas|FastAPI,yes
ALM00196,Ekta Malhotra,chanchal32@example.net,alumni,2018–2022,Mechanical Engineering,B.E. Mechanical Engineering,2022,BrowserStack,Research Scientist,"[{""company"": ""Postman"", ""title"": ""Co-Founder & CEO"", ""years"": ""2""}, {""company"": ""Sigmoid"", ""title"": ""Consultant"", ""years"": ""4""}, {""company"": ""HashedIn"", ""title"": ""Technical Lead"", ""years"": ""3""}, {""company"": ""BrowserStack"", ""title"": ""Research Scientist"", ""years"": ""2 (current)""}]",Pandas|iOS Development|Python|Networking|VLSI Design,maybe
ALM00197,Dakshesh Raval,logan07@example.com,alumni,2019–2023,Civil Engineering,B.E. Civil Engineering,2023,LTIMindtree,Full Stack Developer,"[{""company"": ""BYJU'S"", ""title"": ""Senior Software Engineer"", ""years"": ""1""}, {""company"": ""ThoughtWorks"", ""title"": ""Engineering Manager"", ""years"": ""1""}, {""company"": ""LTIMindtree"", ""title"": ""Full Stack Developer"", ""years"": ""5 (current)""}]",Business Analysis|React|Flask|Market Research|IoT|MongoDB|OpenCV,maybe
ALM00198,Omya Ravel,lbanik@example.net,alumni,2016–2020,Electronics & Communication Engineering,B.E. Electronics & Communication Engineering,2020,Cognizant,DevOps Engineer,"[{""company"": ""Tech Mahindra"", ""title"": ""VP Engineering"", ""years"": ""3""}, {""company"": ""HCL Technologies"", ""title"": ""Backend Developer"", ""years"": ""1""}, {""company"": ""Cognizant"", ""title"": ""DevOps Engineer"", ""years"": ""4 (current)""}]",CAD/CAM|Embedded Systems|Networking|Market Research|AWS|scikit-learn|GCP,no
ALM00199,Hemal Kapadia,gparmer@example.com,alumni,2010–2014,Information Technology,B.Tech Information Technology,2014,Wipro,Co-Founder & CEO,"[{""company"": ""Swiggy"", ""title"": ""Co-Founder & CTO"", ""years"": ""3""}, {""company"": ""HCL Technologies"", ""title"": ""VP Engineering"", ""years"": ""4""}, {""company"": ""Microsoft India"", ""title"": ""Co-Founder & CTO"", ""years"": ""1""}, {""company"": ""Wipro"", ""title"": ""Co-Founder & CEO"", ""years"": ""3 (current)""}]",Java|Redis|VLSI Design|React|FastAPI|CAD/CAM|TypeScript|MongoDB,no
ALM00200,Pratyush Memon,sinhakabir@example.net,alumni,2017–2021,Mechanical Engineering,B.E. Mechanical Engineering,2021,Razorpay,Full Stack Developer,"[{""company"": ""Infosys"", ""title"": ""Data Engineer"", ""years"": ""2""}, {""company"": ""SAP Labs India"", ""title"": ""Research Scientist"", ""years"": ""3""}, {""company"": ""Razorpay"", ""title"": ""Full Stack Developer"", ""years"": ""2 (current)""}]",Business Analysis|SQL|VLSI Design|Deep Learning|IoT|C++,no
