student_id,full_name,email,role,cohort,department,degree,graduation_year,current_status,skills,achievements_count
STU00001,Aryan Maharaj,udantdewan@example.net,student,2022–2026,Electronics & Communication Engineering,B.E. Electronics & Communication Engineering,2026,Summer Intern,Data Analysis|FastAPI|Public Speaking|Node.js,10
STU00002,Gagan Sami,balangirik@example.org,student,2022–2026,Artificial Intelligence & Machine Learning,B.E. Computer Science & Engineering (AI/ML),2026,Project Researcher,Java|React|Computer Vision,3
STU00003,Yashasvi Bala,onikannan@example.com,student,2022–2026,Artificial Intelligence & Machine Learning,B.E. Computer Science & Engineering (AI/ML),2026,Research Intern,scikit-learn|Data Analysis|NumPy|Android Development|MongoDB|Python|Machine Learning,11
STU00004,Abeer Dutta,roak@example.org,student,2024–2028,Biotechnology,B.Tech Biotechnology,2028,Summer Intern,Computer Vision|Technical Writing|AWS|Node.js,1
STU00005,Gayathri Chaudry,raigunbir@example.com,student,2022–2026,Biotechnology,B.Tech Biotechnology,2026,Startup Founder,iOS Development|PostgreSQL|C++|Market Research|OpenCV,8
STU00006,Aishani Bassi,hyadav@example.com,student,2025–2029,Electronics & Communication Engineering,B.E. Electronics & Communication Engineering,2029,3rd Year Student,Redis|UI/UX Design|Flutter|Azure|Networking|Natural Language Processing|TypeScript,0
STU00007,Chaaya Pathak,ekarajbath@example.net,student,2024–2028,Civil Engineering,B.E. Civil Engineering,2028,3rd Year Student,Node.js|TensorFlow|MongoDB|OpenCV,10
STU00008,Bimala Buch,harrisonrai@example.com,student,2023–2027,Electrical Engineering,B.E. Electrical Engineering,2027,Startup Founder,Computer Vision|Agile|MongoDB|Business Analysis|Product Management,10
STU00009,Janya Gaba,isha34@example.net,student,2023–2027,Electronics & Communication Engineering,B.E. Electronics & Communication Engineering,2027,Research Intern,OpenCV|TensorFlow|MongoDB|UI/UX Design,11
STU00010,Onveer Walla,nihalshere@example.com,student,2023–2027,Artificial Intelligence & Machine Learning,B.E. Computer Science & Engineering (AI/ML),2027,Startup Founder,Data Analysis|C++|Kubernetes,6
STU00011,Theodore Nair,karnikazad@example.com,student,2022–2026,Information Technology,B.Tech Information Technology,2026,Research Intern,Financial Modelling|Kubernetes|Computer Vision|Figma|VLSI Design|PyTorch|Market Research,7
STU00012,Amrita Bhatti,divyakala@example.net,student,2024–2028,Mechanical Engineering,B.E. Mechanical Engineering,2028,2nd Year Student,Public Speaking|Cybersecurity|Blockchain|PostgreSQL,11
STU00013,Meghana Shanker,alkadewan@example.org,student,2025–2029,Data Science & Business Analytics,B.Tech Data Science & Business Analytics,2029,Project Researcher,Data Analysis|FastAPI|CAD/CAM|VLSI Design|React,12
STU00014,Priya Rastogi,theodore28@example.com,student,2022–2026,Computer Science & Engineering,B.E. Computer Science & Engineering,2026,2nd Year Student,Product Management|Pandas|iOS Development|TypeScript,6
STU00015,Champak Choudhary,nathanielsami@example.net,student,2025–2029,Biotechnology,B.Tech Biotechnology,2029,Summer Intern,Python|Product Management|Market Research|Django|Technical Writing|Blockchain|MongoDB,12
STU00016,Lekha Raj,qwadhwa@example.net,student,2022–2026,Electrical Engineering,B.E. Electrical Engineering,2026,Summer Intern,Machine Learning|OpenCV|Python|Market Research|PostgreSQL|CAD/CAM,12
STU00017,Ishwar Yadav,harini14@example.com,student,2022–2026,Mechanical Engineering,B.E. Mechanical Engineering,2026,Summer Intern,iOS Development|Natural Language Processing|Flask|Azure|Machine Learning|Blockchain|IoT,0
STU00018,Sudiksha Aggarwal,xiti28@example.org,student,2024–2028,Data Science & Business Analytics,B.Tech Data Science & Business Analytics,2028,Club Lead,Django|Azure|Docker,3
STU00019,Yashica Issac,kashviedwin@example.net,student,2023–2027,Computer Science & Engineering,B.E. Computer Science & Engineering,2027,3rd Year Student,Market Research|VLSI Design|TypeScript,12
STU00020,Ekiya Suresh,choudhuryjanani@example.com,student,2023–2027,Artificial Intelligence & Machine Learning,B.E. Computer Science & Engineering (AI/ML),2027,2nd Year Student,Cybersecurity|Machine Learning|PostgreSQL|IoT|iOS Development|Pandas,3
STU00021,Dalbir Khosla,chadavedika@example.org,student,2023–2027,Artificial Intelligence & Machine Learning,B.E. Computer Science & Engineering (AI/ML),2027,Summer Intern,Agile|Figma|Azure|NumPy|IoT|Market Research,1
STU00022,Kabir Soman,alkawable@example.net,student,2023–2027,Civil Engineering,B.E. Civil Engineering,2027,3rd Year Student,Java|Android Development|Cybersecurity|Data Analysis|Python,1
STU00023,Siddharth Zacharia,devikarastogi@example.net,student,2023–2027,Computer Science & Engineering,B.E. Computer Science & Engineering,2027,3rd Year Student,AWS|TypeScript|CAD/CAM,3
STU00024,Raksha Varughese,pdara@example.org,student,2025–2029,Information Technology,B.Tech Information Technology,2029,Research Intern,FastAPI|Market Research|Networking|Public Speaking|Embedded Systems|SQL|Financial Modelling,12
STU00025,Hamsini Bail,thomasamble@example.org,student,2023–2027,Biotechnology,B.Tech Biotechnology,2027,3rd Year Student,Agile|Pandas|GCP,6
STU00026,Veer Bir,narayananekavir@example.net,student,2025–2029,Biotechnology,B.Tech Biotechnology,2029,Final Year Student,JavaScript|PyTorch|Market Research,5
STU00027,Arya Sunder,kevinsolanki@example.org,student,2023–2027,Electronics & Communication Engineering,B.E. Electronics & Communication Engineering,2027,Research Intern,Blockchain|NumPy|FastAPI|Pandas,2
STU00028,Niharika Gupta,chatterjeeraagini@example.com,student,2025–2029,Information Technology,B.Tech Information Technology,2029,Research Intern,NumPy|Cybersecurity|Node.js,0
STU00029,Nirja Sibal,chaudharidarsh@example.com,student,2022–2026,Artificial Intelligence & Machine Learning,B.E. Computer Science & Engineering (AI/ML),2026,3rd Year Student,Machine Learning|scikit-learn|VLSI Design|Embedded Systems,3
STU00030,Ikbal Kothari,ranveeryadav@example.com,student,2022–2026,Biotechnology,B.Tech Biotechnology,2026,2nd Year Student,Python|TensorFlow|PostgreSQL|OpenCV|Redis|Pandas,11
STU00031,Pahal Goswami,turvi31@example.com,student,2025–2029,Artificial Intelligence & Machine Learning,B.E. Computer Science & Engineering (AI/ML),2029,2nd Year Student,Redis|Computer Vision|JavaScript|Android Development,11
STU00032,Chandresh Zachariah,chanderwarjas@example.org,student,2022–2026,Artificial Intelligence & Machine Learning,B.E. Computer Science & Engineering (AI/ML),2026,Startup Founder,JavaScript|Android Development|Embedded Systems,8
STU00033,Vedika Srivastava,nandinibhargava@example.org,student,2023–2027,Artificial Intelligence & Machine Learning,B.E. Computer Science & Engineering (AI/ML),2027,Final Year Student,React|Deep Learning|TypeScript|iOS Development|Public Speaking|Product Management|SQL,6
STU00034,Aarnav Ramakrishnan,suhani46@example.net,student,2023–2027,Electronics & Communication Engineering,B.E. Electronics & Communication Engineering,2027,Final Year Student,React|scikit-learn|Agile|Android Development|Networking|IoT|Kubernetes,4
STU00035,Mohammed Gupta,teerth09@example.net,student,2024–2028,Civil Engineering,B.E. Civil Engineering,2028,Research Intern,PyTorch|FastAPI|Agile|Figma|Docker,7
STU00036,Dipta Bhandari,soodyadavi@example.net,student,2022–2026,Electrical Engineering,B.E. Electrical Engineering,2026,Final Year Student,Flutter|Networking|Node.js|TypeScript|Blockchain|Computer Vision,8
STU00037,Dakshesh Trivedi,grewalekapad@example.net,student,2023–2027,Information Technology,B.Tech Information Technology,2027,Startup Founder,SQL|Azure|Redis,2
STU00038,Wahab Raval,koshybalveer@example.net,student,2024–2028,Chemical Engineering,B.E. Chemical Engineering,2028,Final Year Student,Docker|Agile|Node.js|FastAPI|PostgreSQL|Django|Public Speaking,11
STU00039,Oni Virk,advika35@example.org,student,2023–2027,Artificial Intelligence & Machine Learning,B.E. Computer Science & Engineering (AI/ML),2027,Summer Intern,iOS Development|Computer Vision|Financial Modelling|AWS|Product Management,10
STU00040,Meghana Deep,tanvi51@example.org,student,2025–2029,Information Technology,B.Tech Information Technology,2029,Summer Intern,React|UI/UX Design|Pandas,4
STU00041,Harish Borah,yashawinilanka@example.org,student,2022–2026,Computer Science & Engineering,B.E. Computer Science & Engineering,2026,Startup Founder,UI/UX Design|PostgreSQL|Machine Learning|Public Speaking,7
STU00042,Ekapad Konda,bhavani27@example.net,student,2025–2029,Artificial Intelligence & Machine Learning,B.E. Computer Science & Engineering (AI/ML),2029,Final Year Student,TypeScript|Business Analysis|Flask,8
STU00043,Abhiram Mistry,desaiaishani@example.org,student,2024–2028,Computer Science & Engineering,B.E. Computer Science & Engineering,2028,2nd Year Student,FastAPI|C++|Docker|Azure|Technical Writing|GCP,3
STU00044,Nachiket Magar,shivansh53@example.net,student,2022–2026,Civil Engineering,B.E. Civil Engineering,2026,Startup Founder,scikit-learn|Flutter|Public Speaking|Flask|SQL|Machine Learning|Deep Learning,6
STU00045,Yashasvi Suresh,charan16@example.com,student,2023–2027,Computer Science & Engineering,B.E. Computer Science & Engineering,2027,Startup Founder,Agile|Public Speaking|SQL|MongoDB|Machine Learning|Business Analysis,1
STU00046,Aarush Nath,adwetaedwin@example.net,student,2022–2026,Biotechnology,B.Tech Biotechnology,2026,Club Lead,Natural Language Processing|OpenCV|GCP|Docker,12
STU00047,Prisha Andra,borramanthan@example.net,student,2023–2027,Civil Engineering,B.E. Civil Engineering,2027,Final Year Student,PyTorch|AWS|MongoDB|TypeScript,12
STU00048,Kala Divan,cdatta@example.com,student,2024–2028,Information Technology,B.Tech Information Technology,2028,Project Researcher,AWS|Java|Django|PostgreSQL|Deep Learning|Android Development|Market Research,0
STU00049,Balveer Parmar,zaidchauhan@example.com,student,2025–2029,Electronics & Communication Engineering,B.E. Electronics & Communication Engineering,2029,Startup Founder,Pandas|iOS Development|CAD/CAM|Django|TensorFlow,9
STU00050,Mohammed Khalsa,petersachar@example.org,student,2024–2028,Civil Engineering,B.E. Civil Engineering,2028,Final Year Student,Python|IoT|Blockchain|Product Management|Agile|Natural Language Processing,5
STU00051,Gaurangi Sabharwal,amaradutta@example.net,student,2022–2026,Biotechnology,B.Tech Biotechnology,2026,Startup Founder,Kubernetes|Agile|Django|Market Research|Docker|CAD/CAM|Financial Modelling,10
STU00052,Lavanya Barad,mkapadia@example.com,student,2024–2028,Biotechnology,B.Tech Biotechnology,2028,Project Researcher,Cybersecurity|FastAPI|Natural Language Processing|scikit-learn|Agile,6
STU00053,Dalaja Kari,arjunhans@example.com,student,2024–2028,Mechanical Engineering,B.E. Mechanical Engineering,2028,Project Researcher,Python|Docker|Redis|Computer Vision|Pandas|Android Development|iOS Development,10
STU00054,Arya Boase,indali86@example.net,student,2025–2029,Electrical Engineering,B.E. Electrical Engineering,2029,Club Lead,Product Management|Computer Vision|CAD/CAM|Embedded Systems|Machine Learning|Agile,1
STU00055,Ayaan D’Alia,pranav94@example.org,student,2024–2028,Information Technology,B.Tech Information Technology,2028,3rd Year Student,Product Management|Docker|Data Analysis|Natural Language Processing,2
STU00056,Radha Pai,rajata98@example.org,student,2022–2026,Computer Science & Engineering,B.E. Computer Science & Engineering,2026,Research Intern,Flutter|TypeScript|OpenCV|scikit-learn|UI/UX Design|Networking,3
STU00057,Ranveer Kumar,sarinaarav@example.net,student,2025–2029,Biotechnology,B.Tech Biotechnology,2029,Project Researcher,Flask|Figma|Business Analysis|Python,12
STU00058,Januja Sankar,narayanandipta@example.net,student,2025–2029,Electronics & Communication Engineering,B.E. Electronics & Communication Engineering,2029,Research Intern,Business Analysis|IoT|OpenCV|JavaScript,8
STU00059,Charita Tripathi,nilima56@example.net,student,2022–2026,Civil Engineering,B.E. Civil Engineering,2026,Club Lead,OpenCV|Agile|IoT|Cybersecurity,9
STU00060,Joshua Handa,rraghavan@example.net,student,2025–2029,Electrical Engineering,B.E. Electrical Engineering,2029,Project Researcher,NumPy|Machine Learning|Public Speaking|Embedded Systems|Research & Development|PostgreSQL|SQL,10
STU00061,Charvi Ravi,modibhavini@example.org,student,2025–2029,Information Technology,B.Tech Information Technology,2029,Research Intern,NumPy|TypeScript|Financial Modelling|Redis|SQL,4
STU00062,Ekanta Shroff,rsathe@example.org,student,2024–2028,Electrical Engineering,B.E. Electrical Engineering,2028,3rd Year Student,Flask|Data Analysis|TensorFlow|Business Analysis,2
STU00063,Omkaar Chad,yutika95@example.org,student,2022–2026,Civil Engineering,B.E. Civil Engineering,2026,Project Researcher,AWS|Blockchain|OpenCV|scikit-learn|JavaScript|Computer Vision,6
STU00064,Dayita Kar,mananbakshi@example.org,student,2022–2026,Biotechnology,B.Tech Biotechnology,2026,Project Researcher,Python|GCP|Docker|TensorFlow|scikit-learn|Blockchain,11
STU00065,Vaishnavi Bora,osachdeva@example.net,student,2023–2027,Artificial Intelligence & Machine Learning,B.E. Computer Science & Engineering (AI/ML),2027,Club Lead,MongoDB|Pandas|VLSI Design|Java,6
STU00066,Leena Talwar,jkohli@example.net,student,2025–2029,Electrical Engineering,B.E. Electrical Engineering,2029,2nd Year Student,FastAPI|Flutter|Blockchain|Java|PyTorch|Android Development,9
STU00067,Hredhaan Sandal,patrickvasa@example.com,student,2022–2026,Computer Science & Engineering,B.E. Computer Science & Engineering,2026,Project Researcher,OpenCV|Deep Learning|JavaScript|PostgreSQL,6
STU00068,Zaid Dara,zdeol@example.com,student,2023–2027,Electrical Engineering,B.E. Electrical Engineering,2027,Club Lead,AWS|Technical Writing|TensorFlow|MongoDB|scikit-learn,4
STU00069,Saanvi Thaman,ksehgal@example.net,student,2025–2029,Electronics & Communication Engineering,B.E. Electronics & Communication Engineering,2029,Final Year Student,JavaScript|GCP|Data Analysis|Figma|TypeScript|Market Research|C++,12
STU00070,Shivani Lad,aradhanaverma@example.com,student,2023–2027,Computer Science & Engineering,B.E. Computer Science & Engineering,2027,Research Intern,Flutter|Flask|SQL,2
STU00071,Anvi Sarraf,mangalwahab@example.com,student,2022–2026,Chemical Engineering,B.E. Chemical Engineering,2026,Research Intern,Business Analysis|PostgreSQL|Azure|Machine Learning|iOS Development|Financial Modelling,11
STU00072,Ekaja Zachariah,devimatthew@example.org,student,2023–2027,Electronics & Communication Engineering,B.E. Electronics & Communication Engineering,2027,Summer Intern,Android Development|Java|Docker,9
STU00073,Michael Kala,sachdevanikita@example.com,student,2025–2029,Biotechnology,B.Tech Biotechnology,2029,Research Intern,Android Development|Business Analysis|UI/UX Design,3
STU00074,Ojasvi Bhatia,osharamachandran@example.net,student,2024–2028,Electronics & Communication Engineering,B.E. Electronics & Communication Engineering,2028,3rd Year Student,C++|GCP|Blockchain|Pandas|Agile|Azure|TypeScript,8
STU00075,Lajita Sood,pandeychanchal@example.com,student,2022–2026,Electrical Engineering,B.E. Electrical Engineering,2026,Project Researcher,Node.js|Pandas|Azure|UI/UX Design|OpenCV|Flask,6
STU00076,Thomas Sura,anjalisarin@example.com,student,2024–2028,Mechanical Engineering,B.E. Mechanical Engineering,2028,Club Lead,Pandas|Market Research|Android Development|MongoDB|Kubernetes|SQL,1
STU00077,Lopa Nayar,dgandhi@example.org,student,2025–2029,Information Technology,B.Tech Information Technology,2029,Research Intern,Networking|Flutter|Agile|TensorFlow|AWS|Java,7
STU00078,Meera Bala,sanghakrishna@example.com,student,2023–2027,Electrical Engineering,B.E. Electrical Engineering,2027,Club Lead,GCP|PostgreSQL|AWS|MongoDB,9
STU00079,Chandresh Lad,nnarang@example.com,student,2022–2026,Information Technology,B.Tech Information Technology,2026,Research Intern,SQL|Market Research|scikit-learn,7
STU00080,Geetika Raghavan,oviya41@example.com,student,2023–2027,Artificial Intelligence & Machine Learning,B.E. Computer Science & Engineering (AI/ML),2027,Club Lead,NumPy|Java|React|Redis|Data Analysis|PyTorch,11
STU00081,Charles Palla,ekapadbaria@example.org,student,2024–2028,Civil Engineering,B.E. Civil Engineering,2028,Startup Founder,Cybersecurity|IoT|GCP|Pandas|Research & Development|AWS,5
STU00082,Ryan Bahri,williamdate@example.com,student,2024–2028,Chemical Engineering,B.E. Chemical Engineering,2028,Summer Intern,Data Analysis|Django|Market Research|Natural Language Processing|Kubernetes,1
STU00083,Tejas Shroff,jyoti29@example.net,student,2023–2027,Artificial Intelligence & Machine Learning,B.E. Computer Science & Engineering (AI/ML),2027,Research Intern,Public Speaking|Embedded Systems|MongoDB|Market Research,9
STU00084,Nihal Mukhopadhyay,baldevika@example.net,student,2024–2028,Artificial Intelligence & Machine Learning,B.E. Computer Science & Engineering (AI/ML),2028,3rd Year Student,Redis|Data Analysis|Azure|Deep Learning,4
STU00085,Mekhala Issac,kibeharsh@example.net,student,2023–2027,Computer Science & Engineering,B.E. Computer Science & Engineering,2027,Summer Intern,JavaScript|Cybersecurity|Redis,11
STU00086,Jai Barman,priya51@example.net,student,2025–2029,Mechanical Engineering,B.E. Mechanical Engineering,2029,3rd Year Student,Networking|Redis|Embedded Systems,7
STU00087,Advik Salvi,bcherian@example.com,student,2024–2028,Chemical Engineering,B.E. Chemical Engineering,2028,2nd Year Student,PostgreSQL|Embedded Systems|Django,1
STU00088,Michael Saran,anamikayohannan@example.com,student,2025–2029,Biotechnology,B.Tech Biotechnology,2029,3rd Year Student,UI/UX Design|Product Management|JavaScript|Flask|Market Research|Networking|Docker,1
STU00089,Rajata Loyal,yatan14@example.com,student,2022–2026,Civil Engineering,B.E. Civil Engineering,2026,Project Researcher,iOS Development|Flutter|Data Analysis|IoT|TensorFlow|NumPy|Business Analysis,4
STU00090,Ucchal Raghavan,ayush75@example.org,student,2025–2029,Data Science & Business Analytics,B.Tech Data Science & Business Analytics,2029,Summer Intern,Flutter|JavaScript|Research & Development|Node.js|Computer Vision|UI/UX Design|Financial Modelling,4
STU00091,Simon Pant,harini49@example.net,student,2023–2027,Electronics & Communication Engineering,B.E. Electronics & Communication Engineering,2027,Research Intern,Cybersecurity|TypeScript|Machine Learning|Python,6
STU00092,Advaith Varughese,frederickkhurana@example.net,student,2025–2029,Chemical Engineering,B.E. Chemical Engineering,2029,Summer Intern,Data Analysis|Redis|Financial Modelling,4
STU00093,Vrinda Khosla,cswaminathan@example.org,student,2022–2026,Chemical Engineering,B.E. Chemical Engineering,2026,Research Intern,UI/UX Design|Android Development|Agile|Natural Language Processing|Pandas,1
STU00094,Chaitaly Kant,tkohli@example.net,student,2023–2027,Artificial Intelligence & Machine Learning,B.E. Computer Science & Engineering (AI/ML),2027,2nd Year Student,Flask|TypeScript|JavaScript|Machine Learning|Docker,9
STU00095,Urvashi Wali,pavani85@example.com,student,2024–2028,Data Science & Business Analytics,B.Tech Data Science & Business Analytics,2028,Club Lead,OpenCV|Business Analysis|Docker,11
STU00096,Anika Mohan,vihaan13@example.com,student,2024–2028,Biotechnology,B.Tech Biotechnology,2028,Club Lead,React|iOS Development|C++|Pandas|Kubernetes|Technical Writing,4
STU00097,Qasim Handa,vedamalhotra@example.net,student,2022–2026,Computer Science & Engineering,B.E. Computer Science & Engineering,2026,Research Intern,Android Development|Java|Product Management|MongoDB|Networking|C++|Deep Learning,7
STU00098,Harish Hari,utkarsh52@example.com,student,2025–2029,Artificial Intelligence & Machine Learning,B.E. Computer Science & Engineering (AI/ML),2029,Summer Intern,Android Development|Pandas|UI/UX Design|VLSI Design,1
STU00099,Jonathan Mahal,bhagatbrinda@example.net,student,2024–2028,Chemical Engineering,B.E. Chemical Engineering,2028,Project Researcher,Kubernetes|Agile|Node.js|Machine Learning|AWS,6
STU00100,Vritti Chauhan,maneupasna@example.com,student,2024–2028,Chemical Engineering,B.E. Chemical Engineering,2028,Project Researcher,C++|OpenCV|React|Kubernetes|PostgreSQL|Market Research|Django,12
STU00101,Harini Gour,krishnanvanya@example.org,student,2022–2026,Biotechnology,B.Tech Biotechnology,2026,Club Lead,JavaScript|Natural Language Processing|IoT|Azure|Flutter|VLSI Design,10
STU00102,Nandini Swamy,beramax@example.org,student,2022–2026,Chemical Engineering,B.E. Chemical Engineering,2026,Research Intern,Cybersecurity|FastAPI|Redis|NumPy|Business Analysis,7
STU00103,Frederick Kothari,sahaupkaar@example.net,student,2022–2026,Electronics & Communication Engineering,B.E. Electronics & Communication Engineering,2026,Research Intern,Docker|Cybersecurity|Python|scikit-learn,1
STU00104,Shravya Savant,pushti49@example.net,student,2022–2026,Civil Engineering,B.E. Civil Engineering,2026,Club Lead,Figma|Flask|VLSI Design,11
STU00105,Hardik Johal,aishanibumb@example.org,student,2024–2028,Information Technology,B.Tech Information Technology,2028,Project Researcher,Embedded Systems|SQL|OpenCV|Cybersecurity|Flask|TensorFlow,3
STU00106,Oscar Borde,aarnavrege@example.com,student,2023–2027,Data Science & Business Analytics,B.Tech Data Science & Business Analytics,2027,3rd Year Student,Research & Development|scikit-learn|AWS|CAD/CAM|MongoDB,0
STU00107,Bishakha Bali,bhavyamandal@example.net,student,2024–2028,Information Technology,B.Tech Information Technology,2028,Club Lead,NumPy|Blockchain|Embedded Systems|GCP,5
STU00108,Ekavir Kaur,rudra61@example.net,student,2025–2029,Artificial Intelligence & Machine Learning,B.E. Computer Science & Engineering (AI/ML),2029,Club Lead,Natural Language Processing|Business Analysis|SQL|Networking|TensorFlow,3
STU00109,Manthan Lata,ekbalbhasin@example.org,student,2022–2026,Biotechnology,B.Tech Biotechnology,2026,Startup Founder,Financial Modelling|TensorFlow|Technical Writing|Agile|Figma|Flask,7
STU00110,Bhavya Sarna,sidhudaksha@example.net,student,2023–2027,Computer Science & Engineering,B.E. Computer Science & Engineering,2027,Startup Founder,NumPy|Node.js|IoT,7
STU00111,Anita Tella,fsarma@example.net,student,2023–2027,Computer Science & Engineering,B.E. Computer Science & Engineering,2027,Project Researcher,TypeScript|Embedded Systems|PostgreSQL|AWS,9
STU00112,Rachana Naidu,atharv13@example.net,student,2022–2026,Biotechnology,B.Tech Biotechnology,2026,Startup Founder,TensorFlow|Kubernetes|UI/UX Design|Financial Modelling|VLSI Design|Blockchain|C++,9
STU00113,Amruta Baria,upmavenkataraman@example.net,student,2023–2027,Electronics & Communication Engineering,B.E. Electronics & Communication Engineering,2027,Summer Intern,Public Speaking|React|Pandas|Node.js,12
STU00114,Arunima Golla,fswamy@example.com,student,2025–2029,Electronics & Communication Engineering,B.E. Electronics & Communication Engineering,2029,2nd Year Student,Java|C++|Kubernetes|JavaScript|Redis,5
STU00115,Nilima Nath,henry25@example.com,student,2025–2029,Electrical Engineering,B.E. Electrical Engineering,2029,2nd Year Student,IoT|scikit-learn|Networking|Product Management,12
STU00116,Bhavya Rattan,shagaurang@example.com,student,2023–2027,Mechanical Engineering,B.E. Mechanical Engineering,2027,2nd Year Student,Flutter|TensorFlow|Product Management,3
STU00117,Ekiya D’Alia,avarkey@example.net,student,2023–2027,Chemical Engineering,B.E. Chemical Engineering,2027,Research Intern,UI/UX Design|PostgreSQL|OpenCV|Technical Writing|Agile|Python,12
STU00118,Odika Bhagat,zarnapathak@example.net,student,2024–2028,Chemical Engineering,B.E. Chemical Engineering,2028,2nd Year Student,NumPy|GCP|Android Development,4
STU00119,Riya Behl,amaradeep@example.com,student,2024–2028,Biotechnology,B.Tech Biotechnology,2028,Club Lead,Natural Language Processing|TensorFlow|Embedded Systems|Node.js|SQL,6
STU00120,Vedhika Dara,khatrinathan@example.com,student,2024–2028,Data Science & Business Analytics,B.Tech Data Science & Business Analytics,2028,Summer Intern,Java|Agile|PyTorch|MongoDB|Python,9
STU00121,Nikita Chander,ishaanshenoy@example.org,student,2025–2029,Computer Science & Engineering,B.E. Computer Science & Engineering,2029,Summer Intern,iOS Development|GCP|Data Analysis|UI/UX Design,3
STU00122,Wishi Manne,ojasvi77@example.org,student,2024–2028,Data Science & Business Analytics,B.Tech Data Science & Business Analytics,2028,2nd Year Student,UI/UX Design|Figma|C++,4
STU00123,Maanav Rajagopal,yashodadeshpande@example.org,student,2022–2026,Chemical Engineering,B.E. Chemical Engineering,2026,Startup Founder,React|Redis|Kubernetes|Public Speaking,6
STU00124,Oeshi Oak,aarnav44@example.net,student,2023–2027,Mechanical Engineering,B.E. Mechanical Engineering,2027,2nd Year Student,Azure|IoT|CAD/CAM|MongoDB|Machine Learning|PostgreSQL|Embedded Systems,12
STU00125,Manthan Sekhon,vpai@example.net,student,2024–2028,Information Technology,B.Tech Information Technology,2028,3rd Year Student,TypeScript|Flask|Data Analysis|Product Management|Market Research|PyTorch,12
STU00126,Tamanna Nagy,williamrajagopal@example.org,student,2024–2028,Artificial Intelligence & Machine Learning,B.E. Computer Science & Engineering (AI/ML),2028,3rd Year Student,Python|PostgreSQL|Blockchain|Django|OpenCV|Azure,10
STU00127,Caleb Nadkarni,yraj@example.net,student,2025–2029,Information Technology,B.Tech Information Technology,2029,Startup Founder,Product Management|Data Analysis|Embedded Systems,0
STU00128,Warhi Bansal,yadavinarula@example.org,student,2024–2028,Data Science & Business Analytics,B.Tech Data Science & Business Analytics,2028,Research Intern,UI/UX Design|OpenCV|Business Analysis,4
STU00129,Harish Vora,uaurora@example.org,student,2022–2026,Biotechnology,B.Tech Biotechnology,2026,2nd Year Student,C++|Docker|VLSI Design,1
STU00130,Mohammed Borde,vlanka@example.net,student,2023–2027,Electronics & Communication Engineering,B.E. Electronics & Communication Engineering,2027,2nd Year Student,OpenCV|Azure|Agile|Business Analysis|Blockchain|scikit-learn,9
STU00131,Faris Narasimhan,onadig@example.net,student,2025–2029,Mechanical Engineering,B.E. Mechanical Engineering,2029,3rd Year Student,Flutter|scikit-learn|MongoDB|C++|Business Analysis|Azure,3
STU00132,Balendra Biswas,bhavnakaran@example.net,student,2025–2029,Chemical Engineering,B.E. Chemical Engineering,2029,Research Intern,Node.js|Product Management|Azure|Blockchain|Figma,5
STU00133,Radha Chaudhari,sawhneyojas@example.net,student,2025–2029,Computer Science & Engineering,B.E. Computer Science & Engineering,2029,Summer Intern,Django|OpenCV|React|Agile,3
STU00134,Ayush Batra,daksh45@example.com,student,2022–2026,Data Science & Business Analytics,B.Tech Data Science & Business Analytics,2026,Final Year Student,SQL|FastAPI|Networking|Computer Vision|TypeScript,12
STU00135,Madhav Konda,kgole@example.org,student,2023–2027,Artificial Intelligence & Machine Learning,B.E. Computer Science & Engineering (AI/ML),2027,Research Intern,AWS|Research & Development|Flask|iOS Development,0
STU00136,Lavanya Khosla,odhar@example.com,student,2023–2027,Information Technology,B.Tech Information Technology,2027,2nd Year Student,PostgreSQL|Deep Learning|Django|Agile|Java|FastAPI|Python,5
STU00137,Tripti Kumer,shroffbhavna@example.net,student,2024–2028,Civil Engineering,B.E. Civil Engineering,2028,Final Year Student,PostgreSQL|JavaScript|FastAPI|Public Speaking,6
STU00138,Ethan Sathe,chandani64@example.com,student,2022–2026,Artificial Intelligence & Machine Learning,B.E. Computer Science & Engineering (AI/ML),2026,3rd Year Student,NumPy|Azure|CAD/CAM|Android Development|Node.js|Research & Development,8
STU00139,Rushil Rajagopalan,pchhabra@example.com,student,2022–2026,Civil Engineering,B.E. Civil Engineering,2026,Summer Intern,Figma|Java|JavaScript|Embedded Systems|PyTorch|Pandas,10
STU00140,Chakrika Merchant,randhawaanvi@example.org,student,2025–2029,Electronics & Communication Engineering,B.E. Electronics & Communication Engineering,2029,Club Lead,React|Kubernetes|iOS Development,2
STU00141,Watika Mangat,indirakanda@example.net,student,2023–2027,Electronics & Communication Engineering,B.E. Electronics & Communication Engineering,2027,Summer Intern,UI/UX Design|Android Development|Cybersecurity|Financial Modelling|Kubernetes|TensorFlow|iOS Development,8
STU00142,Zashil Devan,baraldayamai@example.com,student,2025–2029,Information Technology,B.Tech Information Technology,2029,Project Researcher,Business Analysis|Django|Figma,10
STU00143,Janya Deep,merchanteta@example.net,student,2023–2027,Artificial Intelligence & Machine Learning,B.E. Computer Science & Engineering (AI/ML),2027,Project Researcher,Data Analysis|scikit-learn|AWS|OpenCV|PyTorch|Technical Writing,11
STU00144,Parth Iyer,jasmitwali@example.net,student,2024–2028,Electronics & Communication Engineering,B.E. Electronics & Communication Engineering,2028,Project Researcher,Agile|PostgreSQL|Azure|Flask|Product Management,7
STU00145,Nitesh Kurian,vmerchant@example.com,student,2022–2026,Electronics & Communication Engineering,B.E. Electronics & Communication Engineering,2026,3rd Year Student,Pandas|Node.js|Public Speaking,11
STU00146,Upadhriti Borra,upkaarranganathan@example.net,student,2023–2027,Electrical Engineering,B.E. Electrical Engineering,2027,Final Year Student,Cybersecurity|Research & Development|AWS|Agile|Django|scikit-learn|GCP,10
STU00147,Gautam Rana,lallajatin@example.com,student,2022–2026,Biotechnology,B.Tech Biotechnology,2026,Summer Intern,Docker|GCP|Node.js|Networking|CAD/CAM|Computer Vision|Flask,10
STU00148,Adweta Raj,hritik37@example.org,student,2023–2027,Chemical Engineering,B.E. Chemical Engineering,2027,3rd Year Student,Cybersecurity|Azure|Django|Technical Writing|MongoDB,9
STU00149,Timothy Bhatnagar,pmittal@example.com,student,2025–2029,Civil Engineering,B.E. Civil Engineering,2029,Final Year Student,Agile|Business Analysis|MongoDB|Java|Deep Learning|Public Speaking|Docker,5
STU00150,Logan Bath,modiwaida@example.org,student,2022–2026,Electrical Engineering,B.E. Electrical Engineering,2026,2nd Year Student,Networking|Agile|PyTorch|TypeScript,2
STU00151,Wahab Yogi,lipikasetty@example.com,student,2022–2026,Computer Science & Engineering,B.E. Computer Science & Engineering,2026,Research Intern,scikit-learn|OpenCV|AWS|Machine Learning|Azure|Docker,11
STU00152,Mohammed Sachdeva,surinikita@example.com,student,2022–2026,Electrical Engineering,B.E. Electrical Engineering,2026,Final Year Student,Machine Learning|Technical Writing|Flutter|JavaScript,10
STU00153,Kamala Kalla,psaxena@example.com,student,2024–2028,Electronics & Communication Engineering,B.E. Electronics & Communication Engineering,2028,Club Lead,VLSI Design|iOS Development|NumPy|scikit-learn|MongoDB|Computer Vision,12
STU00154,Jhalak Parmer,raoanya@example.org,student,2022–2026,Artificial Intelligence & Machine Learning,B.E. Computer Science & Engineering (AI/ML),2026,Startup Founder,Django|Redis|Product Management|Public Speaking|Android Development|VLSI Design,8
STU00155,Suhani Chand,anshbedi@example.com,student,2022–2026,Information Technology,B.Tech Information Technology,2026,Research Intern,iOS Development|JavaScript|Python|Computer Vision|Docker|Market Research,12
STU00156,Jeremiah Jha,johaltarak@example.org,student,2024–2028,Mechanical Engineering,B.E. Mechanical Engineering,2028,Summer Intern,Django|Python|VLSI Design|Public Speaking|Pandas,2
STU00157,Manbir Agate,maanav28@example.com,student,2025–2029,Mechanical Engineering,B.E. Mechanical Engineering,2029,Research Intern,Cybersecurity|Agile|GCP|TypeScript|PyTorch|C++|Pandas,0
STU00158,Imaran Bal,alexanderparmar@example.org,student,2022–2026,Chemical Engineering,B.E. Chemical Engineering,2026,Startup Founder,Pandas|Networking|PyTorch|Financial Modelling|UI/UX Design|scikit-learn|Redis,1
STU00159,Amol Ghosh,charles26@example.net,student,2022–2026,Biotechnology,B.Tech Biotechnology,2026,Startup Founder,Flutter|OpenCV|Business Analysis|Azure,1
STU00160,Devansh Soni,gpathak@example.net,student,2022–2026,Biotechnology,B.Tech Biotechnology,2026,Research Intern,Android Development|PyTorch|IoT|React|Technical Writing|Docker,11
STU00161,Siya Thakur,calebverma@example.com,student,2023–2027,Electrical Engineering,B.E. Electrical Engineering,2027,Startup Founder,TypeScript|CAD/CAM|UI/UX Design|Django,8
STU00162,Azaan Bhat,bratti@example.net,student,2023–2027,Artificial Intelligence & Machine Learning,B.E. Computer Science & Engineering (AI/ML),2027,Startup Founder,Market Research|Figma|Flask|SQL|Node.js,2
STU00163,Vritti Sawhney,buchekanta@example.net,student,2023–2027,Information Technology,B.Tech Information Technology,2027,2nd Year Student,Flask|Technical Writing|Figma|TypeScript|Deep Learning|UI/UX Design|VLSI Design,7
STU00164,Dominic Date,ekta69@example.net,student,2025–2029,Data Science & Business Analytics,B.Tech Data Science & Business Analytics,2029,Startup Founder,Flask|NumPy|TypeScript|Embedded Systems|UI/UX Design,4
STU00165,Sudiksha Tiwari,ychaudhary@example.net,student,2022–2026,Information Technology,B.Tech Information Technology,2026,Startup Founder,TypeScript|Docker|OpenCV|NumPy|C++|JavaScript|Azure,4
STU00166,Tanveer Sani,akari@example.com,student,2022–2026,Electronics & Communication Engineering,B.E. Electronics & Communication Engineering,2026,Project Researcher,Android Development|Cybersecurity|Public Speaking|C++|NumPy|Networking,10
STU00167,Mohini Sagar,munshiprisha@example.com,student,2024–2028,Civil Engineering,B.E. Civil Engineering,2028,Club Lead,Flask|JavaScript|NumPy|Node.js|AWS|React|CAD/CAM,10
STU00168,Kavya Dua,fbhavsar@example.org,student,2022–2026,Mechanical Engineering,B.E. Mechanical Engineering,2026,Research Intern,NumPy|IoT|Technical Writing|Flutter|Machine Learning|Azure,5
STU00169,Rachana Char,kalpit80@example.net,student,2025–2029,Information Technology,B.Tech Information Technology,2029,Project Researcher,Product Management|iOS Development|JavaScript|UI/UX Design|Figma,5
STU00170,Jason Roy,pallavi04@example.net,student,2024–2028,Electronics & Communication Engineering,B.E. Electronics & Communication Engineering,2028,3rd Year Student,Product Management|TensorFlow|Redis|PostgreSQL|Agile|iOS Development|Flask,5
STU00171,Indira Chawla,mohammedsubramaniam@example.org,student,2023–2027,Electronics & Communication Engineering,B.E. Electronics & Communication Engineering,2027,Startup Founder,Figma|Business Analysis|Agile|PyTorch|FastAPI,9
STU00172,Inaya Pillai,mallickupkaar@example.com,student,2024–2028,Electronics & Communication Engineering,B.E. Electronics & Communication Engineering,2028,Project Researcher,FastAPI|Agile|Business Analysis|Public Speaking|Product Management,8
STU00173,Amara Balakrishnan,anjalimore@example.com,student,2025–2029,Electronics & Communication Engineering,B.E. Electronics & Communication Engineering,2029,Startup Founder,Azure|Docker|Deep Learning,3
STU00174,Abeer Golla,nandiniboase@example.org,student,2025–2029,Electrical Engineering,B.E. Electrical Engineering,2029,Research Intern,FastAPI|Flask|TypeScript|Redis,12
STU00175,Gavin Wali,krishasaini@example.com,student,2022–2026,Electronics & Communication Engineering,B.E. Electronics & Communication Engineering,2026,Startup Founder,FastAPI|iOS Development|TensorFlow|Flask|Machine Learning|Deep Learning|Flutter,12
STU00176,Nakul Pingle,ekta99@example.org,student,2025–2029,Mechanical Engineering,B.E. Mechanical Engineering,2029,Final Year Student,Azure|Product Management|Market Research|SQL|NumPy|Flutter,4
STU00177,Nachiket Dugar,bumbanita@example.com,student,2023–2027,Chemical Engineering,B.E. Chemical Engineering,2027,Research Intern,Embedded Systems|Natural Language Processing|Azure|Product Management|Networking,7
STU00178,Vedika Sathe,nmahajan@example.net,student,2024–2028,Chemical Engineering,B.E. Chemical Engineering,2028,Project Researcher,IoT|scikit-learn|Machine Learning|Natural Language Processing|iOS Development|FastAPI|PostgreSQL,0
STU00179,Hemani Sani,mandervidhi@example.net,student,2024–2028,Chemical Engineering,B.E. Chemical Engineering,2028,3rd Year Student,Django|Redis|React|Machine Learning|MongoDB|NumPy|CAD/CAM,2
STU00180,Chakradev Kannan,abhakta@example.org,student,2022–2026,Biotechnology,B.Tech Biotechnology,2026,Research Intern,GCP|Java|scikit-learn|JavaScript|PyTorch|CAD/CAM,5
STU00181,Siddharth Devan,bimala51@example.org,student,2025–2029,Civil Engineering,B.E. Civil Engineering,2029,3rd Year Student,Data Analysis|Java|Kubernetes|Node.js|Financial Modelling,10
STU00182,Qushi Gill,lajitawalia@example.net,student,2023–2027,Electrical Engineering,B.E. Electrical Engineering,2027,2nd Year Student,Redis|Embedded Systems|Business Analysis,2
STU00183,Xiti Pandya,ranganathanbrijesh@example.com,student,2025–2029,Chemical Engineering,B.E. Chemical Engineering,2029,Final Year Student,Java|PostgreSQL|Computer Vision,2
STU00184,Tripti Brahmbhatt,pushti96@example.net,student,2025–2029,Artificial Intelligence & Machine Learning,B.E. Computer Science & Engineering (AI/ML),2029,3rd Year Student,SQL|Docker|Django|JavaScript|scikit-learn,10
STU00185,Bimala Contractor,ubail@example.org,student,2025–2029,Data Science & Business Analytics,B.Tech Data Science & Business Analytics,2029,3rd Year Student,VLSI Design|iOS Development|Blockchain,0
STU00186,Janaki Chakrabarti,pcherian@example.com,student,2023–2027,Artificial Intelligence & Machine Learning,B.E. Computer Science & Engineering (AI/ML),2027,2nd Year Student,Pandas|Python|Flutter|GCP|SQL,9
STU00187,Farhan Randhawa,harinakshi35@example.org,student,2023–2027,Biotechnology,B.Tech Biotechnology,2027,3rd Year Student,Azure|TypeScript|IoT|Blockchain|CAD/CAM|Financial Modelling|Cybersecurity,0
STU00188,Yashvi Comar,ikshitapanchal@example.net,student,2025–2029,Biotechnology,B.Tech Biotechnology,2029,Final Year Student,Azure|PostgreSQL|Public Speaking|Java|GCP|TypeScript,5
STU00189,Warinder Chauhan,aahanahora@example.org,student,2022–2026,Civil Engineering,B.E. Civil Engineering,2026,Startup Founder,C++|GCP|Blockchain|AWS,10
STU00190,Faqid Goel,wshetty@example.net,student,2025–2029,Mechanical Engineering,B.E. Mechanical Engineering,2029,Club Lead,FastAPI|TypeScript|Financial Modelling|Research & Development,7
STU00191,Ekantika Mutti,riabir@example.com,student,2024–2028,Computer Science & Engineering,B.E. Computer Science & Engineering,2028,Research Intern,Natural Language Processing|C++|Kubernetes,4
STU00192,Chavvi Maharaj,pandeyyashica@example.org,student,2025–2029,Artificial Intelligence & Machine Learning,B.E. Computer Science & Engineering (AI/ML),2029,Club Lead,C++|Technical Writing|Figma|Natural Language Processing|Redis,5
STU00193,Triya Seth,bhandarijyoti@example.com,student,2024–2028,Computer Science & Engineering,B.E. Computer Science & Engineering,2028,Summer Intern,Azure|Pandas|PyTorch,11
STU00194,Gautam Tripathi,lshere@example.net,student,2025–2029,Chemical Engineering,B.E. Chemical Engineering,2029,Startup Founder,VLSI Design|Business Analysis|Azure|IoT,4
STU00195,Shivani Guha,vamakshi82@example.org,student,2025–2029,Electronics & Communication Engineering,B.E. Electronics & Communication Engineering,2029,3rd Year Student,iOS Development|Deep Learning|Blockchain|Redis|Kubernetes|Node.js,1
STU00196,Harshil Oza,thamanorinder@example.org,student,2024–2028,Electrical Engineering,B.E. Electrical Engineering,2028,Summer Intern,iOS Development|Financial Modelling|Pandas|Machine Learning|Business Analysis|NumPy,5
STU00197,Raksha Sarna,janujapradhan@example.com,student,2022–2026,Chemical Engineering,B.E. Chemical Engineering,2026,Startup Founder,Pandas|MongoDB|UI/UX Design|JavaScript|TypeScript|Agile|Public Speaking,6
STU00198,Nilima Nigam,nattdominic@example.com,student,2023–2027,Electrical Engineering,B.E. Electrical Engineering,2027,Final Year Student,iOS Development|Product Management|NumPy|C++,2
STU00199,Libni Mander,mason51@example.net,student,2023–2027,Electronics & Communication Engineering,B.E. Electronics & Communication Engineering,2027,Startup Founder,TensorFlow|Networking|C++|iOS Development|Flask,10
STU00200,Inaya Mukherjee,mdayal@example.net,student,2024–2028,Chemical Engineering,B.E. Chemical Engineering,2028,Startup Founder,Technical Writing|TypeScript|Networking|FastAPI|IoT|Azure,6
STU00201,Dayita Puri,joshua81@example.net,student,2024–2028,Electrical Engineering,B.E. Electrical Engineering,2028,Research Intern,Java|Public Speaking|Deep Learning,7
STU00202,Yashoda Pathak,patildayamai@example.org,student,2025–2029,Artificial Intelligence & Machine Learning,B.E. Computer Science & Engineering (AI/ML),2029,3rd Year Student,Research & Development|PostgreSQL|Financial Modelling|NumPy|Computer Vision,9
STU00203,Harita Sunder,upkaardevan@example.org,student,2025–2029,Information Technology,B.Tech Information Technology,2029,Research Intern,FastAPI|TypeScript|NumPy,2
STU00204,Chakrika Chaudhuri,nayarkaran@example.net,student,2022–2026,Chemical Engineering,B.E. Chemical Engineering,2026,Startup Founder,Financial Modelling|TypeScript|Cybersecurity|Blockchain|Redis,4
STU00205,Mitesh Gaba,noahsarma@example.org,student,2023–2027,Mechanical Engineering,B.E. Mechanical Engineering,2027,Startup Founder,Data Analysis|Django|Natural Language Processing|FastAPI|SQL|VLSI Design|Java,5
STU00206,Janya Khanna,wmane@example.net,student,2024–2028,Artificial Intelligence & Machine Learning,B.E. Computer Science & Engineering (AI/ML),2028,Club Lead,FastAPI|Flutter|React|TypeScript|Docker|PyTorch|Embedded Systems,8
STU00207,Vivaan Walla,dayamaisingh@example.org,student,2025–2029,Biotechnology,B.Tech Biotechnology,2029,3rd Year Student,Kubernetes|Figma|TypeScript|NumPy,7
STU00208,Ridhi Shenoy,lavanya88@example.com,student,2024–2028,Artificial Intelligence & Machine Learning,B.E. Computer Science & Engineering (AI/ML),2028,2nd Year Student,UI/UX Design|Android Development|Deep Learning|FastAPI|Pandas|CAD/CAM|JavaScript,1
STU00209,Ryan Devi,charles75@example.net,student,2023–2027,Artificial Intelligence & Machine Learning,B.E. Computer Science & Engineering (AI/ML),2027,Summer Intern,Machine Learning|Kubernetes|Financial Modelling|Data Analysis,5
STU00210,Zaitra Dash,fiyaz24@example.com,student,2024–2028,Artificial Intelligence & Machine Learning,B.E. Computer Science & Engineering (AI/ML),2028,3rd Year Student,Natural Language Processing|UI/UX Design|Cybersecurity|MongoDB|FastAPI,10
STU00211,Rajeshri Chand,shravyapalla@example.org,student,2022–2026,Information Technology,B.Tech Information Technology,2026,2nd Year Student,Android Development|Flask|Machine Learning|Agile|Flutter|iOS Development|AWS,9
STU00212,Chatresh Randhawa,warinder61@example.com,student,2022–2026,Computer Science & Engineering,B.E. Computer Science & Engineering,2026,3rd Year Student,Figma|Research & Development|Networking,4
STU00213,Ayaan Nagar,nayakmadhav@example.org,student,2025–2029,Civil Engineering,B.E. Civil Engineering,2029,Final Year Student,UI/UX Design|Blockchain|Redis|Figma|Docker|Embedded Systems,3
STU00214,Bhavini Sodhi,upasnasen@example.net,student,2024–2028,Biotechnology,B.Tech Biotechnology,2028,Club Lead,Business Analysis|JavaScript|Machine Learning,7
STU00215,Fariq Bahl,tanveer28@example.net,student,2025–2029,Biotechnology,B.Tech Biotechnology,2029,Club Lead,AWS|iOS Development|Flask|Kubernetes,11
STU00216,Indrajit Mani,charvidara@example.org,student,2024–2028,Electrical Engineering,B.E. Electrical Engineering,2028,Project Researcher,Technical Writing|Azure|CAD/CAM|Cybersecurity,1
STU00217,Oni Shankar,choudhryxalak@example.net,student,2023–2027,Electrical Engineering,B.E. Electrical Engineering,2027,Club Lead,MongoDB|NumPy|SQL,2
STU00218,Yutika Khurana,bishakhasanghvi@example.org,student,2022–2026,Electronics & Communication Engineering,B.E. Electronics & Communication Engineering,2026,Summer Intern,Flutter|scikit-learn|SQL|Machine Learning|Kubernetes|Networking,11
STU00219,Wridesh Saha,frederickviswanathan@example.com,student,2023–2027,Electrical Engineering,B.E. Electrical Engineering,2027,2nd Year Student,CAD/CAM|OpenCV|VLSI Design|Docker|Public Speaking|Java,1
STU00220,Yashica Tripathi,ramakrishnanupma@example.org,student,2025–2029,Biotechnology,B.Tech Biotechnology,2029,Research Intern,Android Development|GCP|JavaScript|Redis,7
STU00221,Kashvi Kulkarni,parikhekansh@example.com,student,2025–2029,Data Science & Business Analytics,B.Tech Data Science & Business Analytics,2029,Summer Intern,Python|Node.js|Pandas|FastAPI|PostgreSQL|Azure|PyTorch,5
STU00222,Hemang Natarajan,chaitanyapandey@example.net,student,2025–2029,Computer Science & Engineering,B.E. Computer Science & Engineering,2029,Final Year Student,Cybersecurity|Natural Language Processing|Azure|Research & Development|Redis|TypeScript|TensorFlow,8
STU00223,Parth Shetty,zgopal@example.org,student,2024–2028,Chemical Engineering,B.E. Chemical Engineering,2028,3rd Year Student,Node.js|PyTorch|Azure|AWS,8
STU00224,Tanvi Bansal,saksham03@example.org,student,2023–2027,Electrical Engineering,B.E. Electrical Engineering,2027,Research Intern,CAD/CAM|PyTorch|Research & Development|C++|Market Research|Financial Modelling|FastAPI,11
STU00225,Dayita Varma,qsolanki@example.org,student,2025–2029,Electrical Engineering,B.E. Electrical Engineering,2029,Club Lead,iOS Development|CAD/CAM|FastAPI|Kubernetes,9
STU00226,Bhavika Parikh,narulaanjali@example.org,student,2023–2027,Electrical Engineering,B.E. Electrical Engineering,2027,Project Researcher,Public Speaking|Docker|Android Development|AWS|CAD/CAM|Financial Modelling|Blockchain,7
STU00227,Rajeshri Ratta,vraju@example.org,student,2024–2028,Data Science & Business Analytics,B.Tech Data Science & Business Analytics,2028,Club Lead,Azure|AWS|Product Management,1
STU00228,Widisha Pillai,fitan61@example.com,student,2024–2028,Biotechnology,B.Tech Biotechnology,2028,Final Year Student,Embedded Systems|PostgreSQL|Figma|Android Development|Networking|Data Analysis|JavaScript,9
STU00229,Chaaya Nagi,buchfalak@example.net,student,2023–2027,Chemical Engineering,B.E. Chemical Engineering,2027,Project Researcher,Product Management|SQL|C++|Networking,11
STU00230,Damini Sehgal,sganesan@example.com,student,2023–2027,Electronics & Communication Engineering,B.E. Electronics & Communication Engineering,2027,Final Year Student,Kubernetes|scikit-learn|Flask|Technical Writing|Business Analysis|Computer Vision,6
STU00231,Sanya Basak,radhika40@example.org,student,2025–2029,Artificial Intelligence & Machine Learning,B.E. Computer Science & Engineering (AI/ML),2029,Final Year Student,IoT|Computer Vision|Cybersecurity|Kubernetes,10
STU00232,Januja Varghese,azaandhar@example.net,student,2025–2029,Chemical Engineering,B.E. Chemical Engineering,2029,Startup Founder,OpenCV|Blockchain|AWS|GCP,10
STU00233,Bakhshi Date,keerjeevika@example.com,student,2025–2029,Information Technology,B.Tech Information Technology,2029,Research Intern,MongoDB|Cybersecurity|Docker|Data Analysis,4
STU00234,Bachittar Dube,xprabhakar@example.com,student,2023–2027,Information Technology,B.Tech Information Technology,2027,Club Lead,Embedded Systems|GCP|Cybersecurity|Market Research|MongoDB,4
STU00235,Laksh Wagle,mitali54@example.org,student,2025–2029,Electronics & Communication Engineering,B.E. Electronics & Communication Engineering,2029,Project Researcher,Research & Development|Flask|Redis|C++|Financial Modelling,1
STU00236,Atharv Grewal,yvasa@example.net,student,2025–2029,Electrical Engineering,B.E. Electrical Engineering,2029,Summer Intern,Computer Vision|Natural Language Processing|Blockchain|MongoDB|Cybersecurity|Business Analysis,4
STU00237,Adweta Lad,nkala@example.com,student,2022–2026,Mechanical Engineering,B.E. Mechanical Engineering,2026,Research Intern,JavaScript|Agile|IoT|Data Analysis,10
STU00238,Ryan Das,ethanseth@example.org,student,2022–2026,Civil Engineering,B.E. Civil Engineering,2026,3rd Year Student,AWS|Financial Modelling|Embedded Systems|Node.js|Product Management|FastAPI,0
STU00239,Gagan Nagarajan,dhruv88@example.com,student,2023–2027,Artificial Intelligence & Machine Learning,B.E. Computer Science & Engineering (AI/ML),2027,Project Researcher,Embedded Systems|Figma|Natural Language Processing|Redis|Kubernetes|Market Research,10
STU00240,Nakul Ghosh,yashoda31@example.org,student,2022–2026,Computer Science & Engineering,B.E. Computer Science & Engineering,2026,Research Intern,Public Speaking|Market Research|C++|Deep Learning|scikit-learn|Technical Writing|Research & Development,6
STU00241,Warjas Tak,pateljyoti@example.com,student,2023–2027,Chemical Engineering,B.E. Chemical Engineering,2027,Summer Intern,Python|Docker|Networking,9
STU00242,Gabriel Bhatti,mitali78@example.com,student,2024–2028,Electronics & Communication Engineering,B.E. Electronics & Communication Engineering,2028,Summer Intern,Figma|Blockchain|IoT|VLSI Design|FastAPI|CAD/CAM,7
STU00243,Ethan Dass,ethan77@example.net,student,2023–2027,Information Technology,B.Tech Information Technology,2027,3rd Year Student,Machine Learning|Market Research|OpenCV|Figma|PostgreSQL,11
STU00244,Kabir Gopal,rachitathakkar@example.org,student,2022–2026,Mechanical Engineering,B.E. Mechanical Engineering,2026,Startup Founder,Networking|Product Management|Technical Writing|Natural Language Processing|Deep Learning,9
STU00245,Zarna Dua,nitesh25@example.net,student,2025–2029,Biotechnology,B.Tech Biotechnology,2029,Startup Founder,PyTorch|Agile|Node.js,2
STU00246,Hiral Venkataraman,farhan43@example.net,student,2025–2029,Mechanical Engineering,B.E. Mechanical Engineering,2029,Startup Founder,Python|PostgreSQL|TensorFlow|SQL,7
STU00247,Jeremiah Mitter,thakkarom@example.net,student,2024–2028,Information Technology,B.Tech Information Technology,2028,Summer Intern,Market Research|Networking|Python|PostgreSQL|Figma|Azure|SQL,0
STU00248,Onveer Nazareth,balakrishnanfinn@example.org,student,2025–2029,Electronics & Communication Engineering,B.E. Electronics & Communication Engineering,2029,Summer Intern,PyTorch|Product Management|CAD/CAM|Financial Modelling,12
STU00249,Shivansh Saha,tankbimala@example.net,student,2022–2026,Information Technology,B.Tech Information Technology,2026,Summer Intern,Flutter|Data Analysis|FastAPI|Embedded Systems|Flask,7
STU00250,Vasudha Konda,dmishra@example.org,student,2024–2028,Data Science & Business Analytics,B.Tech Data Science & Business Analytics,2028,Project Researcher,Embedded Systems|Technical Writing|Blockchain|Agile|Computer Vision|SQL|Product Management,12
STU00251,Nakul Sarraf,dsule@example.org,student,2022–2026,Data Science & Business Analytics,B.Tech Data Science & Business Analytics,2026,Club Lead,Financial Modelling|Azure|TypeScript|Networking|Django|JavaScript|Cybersecurity,8
STU00252,Maanas Munshi,hemani62@example.com,student,2023–2027,Civil Engineering,B.E. Civil Engineering,2027,2nd Year Student,IoT|NumPy|Django|Product Management|Computer Vision,11
STU00253,Eiravati Khurana,rdas@example.com,student,2025–2029,Data Science & Business Analytics,B.Tech Data Science & Business Analytics,2029,3rd Year Student,NumPy|JavaScript|OpenCV|FastAPI|CAD/CAM|scikit-learn|Public Speaking,9
STU00254,Lohit Chatterjee,mannanleena@example.net,student,2025–2029,Computer Science & Engineering,B.E. Computer Science & Engineering,2029,Summer Intern,PyTorch|PostgreSQL|Python,11
STU00255,Yuvraj Dutta,dhriti32@example.com,student,2022–2026,Civil Engineering,B.E. Civil Engineering,2026,Final Year Student,GCP|Business Analysis|TypeScript|Blockchain|JavaScript|Public Speaking,7
STU00256,Wishi Morar,fbajaj@example.com,student,2024–2028,Computer Science & Engineering,B.E. Computer Science & Engineering,2028,Project Researcher,Research & Development|FastAPI|Figma|Market Research,10
STU00257,Wridesh Kale,chanakya04@example.com,student,2024–2028,Biotechnology,B.Tech Biotechnology,2028,Project Researcher,TensorFlow|Research & Development|React|Product Management|Agile|Blockchain,2
STU00258,Bhavika Yadav,chokshiraagini@example.org,student,2022–2026,Electrical Engineering,B.E. Electrical Engineering,2026,2nd Year Student,PyTorch|IoT|FastAPI|Market Research|Data Analysis|Python|Java,4
STU00259,Jasmit Rau,chakradev60@example.net,student,2025–2029,Chemical Engineering,B.E. Chemical Engineering,2029,Project Researcher,SQL|OpenCV|GCP|Flask,4
STU00260,Janani Mani,rajuyamini@example.com,student,2022–2026,Civil Engineering,B.E. Civil Engineering,2026,Final Year Student,Flutter|Java|SQL|Computer Vision|TypeScript|Node.js,9
STU00261,Jagat Dave,rameshkashvi@example.com,student,2025–2029,Computer Science & Engineering,B.E. Computer Science & Engineering,2029,Final Year Student,Public Speaking|C++|PyTorch|NumPy,3
STU00262,Maanas Issac,ctella@example.org,student,2023–2027,Artificial Intelligence & Machine Learning,B.E. Computer Science & Engineering (AI/ML),2027,Final Year Student,CAD/CAM|Redis|Data Analysis|Market Research,9
STU00263,Laksh Nath,dvenkataraman@example.org,student,2024–2028,Electrical Engineering,B.E. Electrical Engineering,2028,Research Intern,Flask|Agile|IoT|Data Analysis|scikit-learn,4
STU00264,Falak Nagar,mayamistry@example.net,student,2022–2026,Information Technology,B.Tech Information Technology,2026,2nd Year Student,Cybersecurity|VLSI Design|JavaScript|GCP|Figma|Agile,6
STU00265,Yashica Upadhyay,emistry@example.org,student,2024–2028,Artificial Intelligence & Machine Learning,B.E. Computer Science & Engineering (AI/ML),2028,Project Researcher,Flask|Docker|TensorFlow|Deep Learning|Blockchain|Embedded Systems,3
STU00266,Garima Choudhary,ymorar@example.net,student,2024–2028,Civil Engineering,B.E. Civil Engineering,2028,2nd Year Student,JavaScript|Cybersecurity|scikit-learn|Public Speaking|Technical Writing|IoT,2
STU00267,Urvi Lanka,charansrinivasan@example.org,student,2023–2027,Biotechnology,B.Tech Biotechnology,2027,Summer Intern,AWS|Figma|React|NumPy,5
STU00268,Manbir Kibe,choudharyrayaan@example.org,student,2023–2027,Electronics & Communication Engineering,B.E. Electronics & Communication Engineering,2027,Final Year Student,TensorFlow|Product Management|iOS Development|C++|TypeScript,3
STU00269,Dipta Sahota,nitarajani@example.com,student,2023–2027,Data Science & Business Analytics,B.Tech Data Science & Business Analytics,2027,Club Lead,AWS|Docker|Python|Computer Vision,3
STU00270,David Devi,ektasridhar@example.net,student,2025–2029,Electronics & Communication Engineering,B.E. Electronics & Communication Engineering,2029,Research Intern,Financial Modelling|Computer Vision|PyTorch|SQL|Cybersecurity|Kubernetes|Redis,6
STU00271,Dipta Ghose,vwalia@example.net,student,2024–2028,Chemical Engineering,B.E. Chemical Engineering,2028,Summer Intern,Azure|CAD/CAM|VLSI Design|OpenCV|Node.js,12
STU00272,Aishani Sule,yatinmallick@example.net,student,2024–2028,Chemical Engineering,B.E. Chemical Engineering,2028,Research Intern,Kubernetes|scikit-learn|C++|Networking|Data Analysis,11
STU00273,Umang Mishra,sarthak75@example.com,student,2022–2026,Mechanical Engineering,B.E. Mechanical Engineering,2026,Summer Intern,Android Development|Research & Development|Market Research|scikit-learn|Redis|Flask|Natural Language Processing,5
STU00274,Anusha Mani,raghavanmegha@example.com,student,2025–2029,Civil Engineering,B.E. Civil Engineering,2029,Research Intern,Cybersecurity|Figma|Product Management|AWS|PostgreSQL|VLSI Design,11
STU00275,Bina Basak,farhan57@example.net,student,2025–2029,Chemical Engineering,B.E. Chemical Engineering,2029,2nd Year Student,Machine Learning|FastAPI|Market Research|Blockchain|VLSI Design,2
STU00276,Varenya Kala,anikamagar@example.org,student,2022–2026,Artificial Intelligence & Machine Learning,B.E. Computer Science & Engineering (AI/ML),2026,Final Year Student,Agile|JavaScript|Technical Writing,0
STU00277,Wriddhish Kibe,waliupkaar@example.net,student,2023–2027,Biotechnology,B.Tech Biotechnology,2027,Research Intern,Financial Modelling|Flask|Python,3
STU00278,Charles Chaudhry,tnarayanan@example.com,student,2025–2029,Artificial Intelligence & Machine Learning,B.E. Computer Science & Engineering (AI/ML),2029,Startup Founder,Flutter|UI/UX Design|Agile,9
STU00279,Laksh Ahluwalia,niharikasoni@example.com,student,2025–2029,Chemical Engineering,B.E. Chemical Engineering,2029,Final Year Student,Blockchain|Cybersecurity|scikit-learn,0
STU00280,Bhavna Nagi,daniel19@example.org,student,2024–2028,Computer Science & Engineering,B.E. Computer Science & Engineering,2028,Summer Intern,CAD/CAM|Business Analysis|Product Management,6
STU00281,Parth Sahni,balhaarranganathan@example.com,student,2022–2026,Mechanical Engineering,B.E. Mechanical Engineering,2026,3rd Year Student,Flask|SQL|Natural Language Processing|Flutter|IoT|PostgreSQL|GCP,4
STU00282,Bimala Barad,misrahredhaan@example.com,student,2022–2026,Biotechnology,B.Tech Biotechnology,2026,Startup Founder,OpenCV|Networking|SQL|Business Analysis|Data Analysis|Docker,10
STU00283,Suhani Viswanathan,gdesai@example.com,student,2022–2026,Electronics & Communication Engineering,B.E. Electronics & Communication Engineering,2026,3rd Year Student,TensorFlow|Research & Development|Cybersecurity|Embedded Systems|JavaScript|UI/UX Design,0
STU00284,Reyansh Chowdhury,nicholas74@example.net,student,2022–2026,Mechanical Engineering,B.E. Mechanical Engineering,2026,Club Lead,Figma|AWS|Networking|Node.js|IoT|C++,3
STU00285,Akshay Nazareth,reyansh29@example.net,student,2025–2029,Civil Engineering,B.E. Civil Engineering,2029,Summer Intern,TypeScript|Product Management|MongoDB,8
STU00286,Prisha Varma,gabriel61@example.org,student,2022–2026,Data Science & Business Analytics,B.Tech Data Science & Business Analytics,2026,2nd Year Student,Java|Computer Vision|Android Development|Flask|Technical Writing,11
STU00287,Vansha Naik,abeerlal@example.com,student,2022–2026,Biotechnology,B.Tech Biotechnology,2026,Summer Intern,Networking|SQL|TensorFlow|Product Management,8
STU00288,Sanya Loke,chasmum99@example.org,student,2025–2029,Electrical Engineering,B.E. Electrical Engineering,2029,2nd Year Student,CAD/CAM|Public Speaking|GCP,0
STU00289,Jagvi Keer,daniudyati@example.com,student,2025–2029,Electronics & Communication Engineering,B.E. Electronics & Communication Engineering,2029,Research Intern,AWS|iOS Development|Research & Development,9
STU00290,Nidra Thakkar,jacob45@example.net,student,2025–2029,Data Science & Business Analytics,B.Tech Data Science & Business Analytics,2029,Startup Founder,UI/UX Design|MongoDB|NumPy,7
STU00291,Theodore Deol,ddua@example.net,student,2024–2028,Civil Engineering,B.E. Civil Engineering,2028,Project Researcher,Deep Learning|Product Management|Android Development|Agile|TensorFlow|React,12
STU00292,Ojasvi Sinha,yugbumb@example.net,student,2024–2028,Data Science & Business Analytics,B.Tech Data Science & Business Analytics,2028,Research Intern,React|MongoDB|Flask,6
STU00293,Janaki Brahmbhatt,bhatiayashasvi@example.org,student,2025–2029,Mechanical Engineering,B.E. Mechanical Engineering,2029,Startup Founder,Node.js|React|Python|Docker|NumPy,5
STU00294,Nitesh Narang,rdada@example.org,student,2022–2026,Information Technology,B.Tech Information Technology,2026,2nd Year Student,Deep Learning|Pandas|NumPy,8
STU00295,Gavin Uppal,dbhakta@example.org,student,2025–2029,Artificial Intelligence & Machine Learning,B.E. Computer Science & Engineering (AI/ML),2029,3rd Year Student,React|GCP|Cybersecurity,1
STU00296,Tanmayi Bhardwaj,umorar@example.org,student,2024–2028,Data Science & Business Analytics,B.Tech Data Science & Business Analytics,2028,Project Researcher,Redis|scikit-learn|TensorFlow,12
STU00297,Aachal Aggarwal,elijahbath@example.com,student,2023–2027,Electronics & Communication Engineering,B.E. Electronics & Communication Engineering,2027,2nd Year Student,Machine Learning|FastAPI|MongoDB|Docker|Public Speaking|VLSI Design,2
STU00298,Devansh Bhasin,sodhiazad@example.com,student,2023–2027,Electronics & Communication Engineering,B.E. Electronics & Communication Engineering,2027,Project Researcher,scikit-learn|Docker|Embedded Systems|TypeScript|Azure,4
STU00299,Pranit Deshmukh,yprasad@example.com,student,2025–2029,Civil Engineering,B.E. Civil Engineering,2029,Research Intern,Node.js|FastAPI|Docker|Python|PyTorch|AWS,9
STU00300,Keya Buch,ijayadani@example.org,student,2024–2028,Biotechnology,B.Tech Biotechnology,2028,Club Lead,Pandas|Figma|iOS Development|FastAPI|Docker,5
